[20:37:28.756] === zz_diagnose loaded ===
[20:37:28.757] Game_Event defined?: nil
[20:37:28.758] Window_Settings defined?: nil
[20:37:28.759] Window_DevSettings defined?: "constant"
[20:37:28.772] Game_Map#setup patched
[20:37:28.798] Interpreter#setup patched
[20:37:28.805] Scene_Map#update patched
[20:37:29.049] MAP_SETUP -> 1  (jump_free=false frozen=-1)
[20:37:29.279] MAP_SETUP -> 2  (jump_free=false frozen=-1)
[20:37:42.129] MAP_SETUP -> 4  (jump_free=true frozen=4)
[20:37:42.134] MAP_SETUP_DONE map=4 events=22 starting=[] autorun_events=[17]
[20:37:42.151] INTERP_SETUP event_id=14 name=nil list_size=3
[20:37:42.152] INTERP_SETUP event_id=0 name=nil list_size=5
[20:37:43.178] f=1 map=4(frozen) interp_running=false list=nil menus_visible=false msg_showing=false winset_vis=false menu_vis=false item_vis=false ft_vis=false dev_vis=false player=21,10 moving=false move_route_forcing=false starting=[] common_event=0 transf=false transproc=false menu_disabled=false sw[1,9,11,15,40]=1:false,9:false,11:false,15:false,40:false
[20:37:43.179] INTERP_SETUP event_id=0 name=nil list_size=5
[20:37:43.195] f=2 map=4(frozen) interp_running=false list=nil menus_visible=false msg_showing=false winset_vis=false menu_vis=false item_vis=false ft_vis=false dev_vis=false player=21,10 moving=false move_route_forcing=false starting=[] common_event=0 transf=false transproc=false menu_disabled=false sw[1,9,11,15,40]=1:false,9:false,11:false,15:false,40:false
[20:37:43.196] INTERP_SETUP event_id=0 name=nil list_size=5
[20:37:43.212] f=3 map=4(frozen) interp_running=false list=nil menus_visible=false msg_showing=false winset_vis=false menu_vis=false item_vis=false ft_vis=false dev_vis=false player=21,10 moving=false move_route_forcing=false starting=[] common_event=0 transf=false transproc=false menu_disabled=false sw[1,9,11,15,40]=1:false,9:false,11:false,15:false,40:false
[20:37:43.213] INTERP_SETUP event_id=0 name=nil list_size=5
[20:37:43.228] f=4 map=4(frozen) interp_running=false list=nil menus_visible=false msg_showing=false winset_vis=false menu_vis=false item_vis=false ft_vis=false dev_vis=false player=21,10 moving=false move_route_forcing=false starting=[] common_event=0 transf=false transproc=false menu_disabled=false sw[1,9,11,15,40]=1:false,9:false,11:false,15:false,40:false
[20:37:43.229] INTERP_SETUP event_id=0 name=nil list_size=5
[20:37:43.245] f=5 map=4(frozen) interp_running=false list=nil menus_visible=false msg_showing=false winset_vis=false menu_vis=false item_vis=false ft_vis=false dev_vis=false player=21,10 moving=false move_route_forcing=false starting=[] common_event=0 transf=false transproc=false menu_disabled=false sw[1,9,11,15,40]=1:false,9:false,11:false,15:false,40:false
[20:37:43.246] INTERP_SETUP event_id=0 name=nil list_size=5
[20:37:43.261] f=6 map=4(frozen) interp_running=false list=nil menus_visible=false msg_showing=false winset_vis=false menu_vis=false item_vis=false ft_vis=false dev_vis=false player=21,10 moving=false move_route_forcing=false starting=[] common_event=0 transf=false transproc=false menu_disabled=false sw[1,9,11,15,40]=1:false,9:false,11:false,15:false,40:false
[20:37:43.262] INTERP_SETUP event_id=0 name=nil list_size=5
[20:37:43.278] f=7 map=4(frozen) interp_running=false list=nil menus_visible=false msg_showing=false winset_vis=false menu_vis=false item_vis=false ft_vis=false dev_vis=false player=21,10 moving=false move_route_forcing=false starting=[] common_event=0 transf=false transproc=false menu_disabled=false sw[1,9,11,15,40]=1:false,9:false,11:false,15:false,40:false
[20:37:43.279] INTERP_SETUP event_id=0 name=nil list_size=5
[20:37:43.295] f=8 map=4(frozen) interp_running=false list=nil menus_visible=false msg_showing=false winset_vis=false menu_vis=false item_vis=false ft_vis=false dev_vis=false player=21,10 moving=false move_route_forcing=false starting=[] common_event=0 transf=false transproc=false menu_disabled=false sw[1,9,11,15,40]=1:false,9:false,11:false,15:false,40:false
[20:37:43.296] INTERP_SETUP event_id=0 name=nil list_size=5
[20:37:43.312] f=9 map=4(frozen) interp_running=false list=nil menus_visible=false msg_showing=false winset_vis=false menu_vis=false item_vis=false ft_vis=false dev_vis=false player=21,10 moving=false move_route_forcing=false starting=[] common_event=0 transf=false transproc=false menu_disabled=false sw[1,9,11,15,40]=1:false,9:false,11:false,15:false,40:false
[20:37:43.313] INTERP_SETUP event_id=0 name=nil list_size=5
[20:37:43.328] f=10 map=4(frozen) interp_running=false list=nil menus_visible=false msg_showing=false winset_vis=false menu_vis=false item_vis=false ft_vis=false dev_vis=false player=21,10 moving=false move_route_forcing=false starting=[] common_event=0 transf=false transproc=false menu_disabled=false sw[1,9,11,15,40]=1:false,9:false,11:false,15:false,40:false
[20:37:43.329] INTERP_SETUP event_id=0 name=nil list_size=5
[20:37:43.345] f=11 map=4(frozen) interp_running=false list=nil menus_visible=false msg_showing=false winset_vis=false menu_vis=false item_vis=false ft_vis=false dev_vis=false player=21,10 moving=false move_route_forcing=false starting=[] common_event=0 transf=false transproc=false menu_disabled=false sw[1,9,11,15,40]=1:false,9:false,11:false,15:false,40:false
[20:37:43.346] INTERP_SETUP event_id=0 name=nil list_size=5
[20:37:43.361] f=12 map=4(frozen) interp_running=false list=nil menus_visible=false msg_showing=false winset_vis=false menu_vis=false item_vis=false ft_vis=false dev_vis=false player=21,10 moving=false move_route_forcing=false starting=[] common_event=0 transf=false transproc=false menu_disabled=false sw[1,9,11,15,40]=1:false,9:false,11:false,15:false,40:false
[20:37:43.362] INTERP_SETUP event_id=0 name=nil list_size=5
[20:37:43.378] f=13 map=4(frozen) interp_running=false list=nil menus_visible=false msg_showing=false winset_vis=false menu_vis=false item_vis=false ft_vis=false dev_vis=false player=21,11 moving=true move_route_forcing=false starting=[] common_event=0 transf=false transproc=false menu_disabled=false sw[1,9,11,15,40]=1:false,9:false,11:false,15:false,40:false
[20:37:43.379] INTERP_SETUP event_id=0 name=nil list_size=5
[20:37:43.395] f=14 map=4(frozen) interp_running=false list=nil menus_visible=false msg_showing=false winset_vis=false menu_vis=false item_vis=false ft_vis=false dev_vis=false player=21,11 moving=true move_route_forcing=false starting=[] common_event=0 transf=false transproc=false menu_disabled=false sw[1,9,11,15,40]=1:false,9:false,11:false,15:false,40:false
[20:37:43.396] INTERP_SETUP event_id=0 name=nil list_size=5
[20:37:43.412] f=15 map=4(frozen) interp_running=false list=nil menus_visible=false msg_showing=false winset_vis=false menu_vis=false item_vis=false ft_vis=false dev_vis=false player=21,11 moving=true move_route_forcing=false starting=[] common_event=0 transf=false transproc=false menu_disabled=false sw[1,9,11,15,40]=1:false,9:false,11:false,15:false,40:false
[20:37:43.413] INTERP_SETUP event_id=0 name=nil list_size=5
[20:37:43.428] f=16 map=4(frozen) interp_running=false list=nil menus_visible=false msg_showing=false winset_vis=false menu_vis=false item_vis=false ft_vis=false dev_vis=false player=21,11 moving=true move_route_forcing=false starting=[] common_event=0 transf=false transproc=false menu_disabled=false sw[1,9,11,15,40]=1:false,9:false,11:false,15:false,40:false
[20:37:43.429] INTERP_SETUP event_id=0 name=nil list_size=5
[20:37:43.445] f=17 map=4(frozen) interp_running=false list=nil menus_visible=false msg_showing=false winset_vis=false menu_vis=false item_vis=false ft_vis=false dev_vis=false player=21,11 moving=true move_route_forcing=false starting=[] common_event=0 transf=false transproc=false menu_disabled=false sw[1,9,11,15,40]=1:false,9:false,11:false,15:false,40:false
[20:37:43.445] INTERP_SETUP event_id=0 name=nil list_size=5
[20:37:43.461] f=18 map=4(frozen) interp_running=false list=nil menus_visible=false msg_showing=false winset_vis=false menu_vis=false item_vis=false ft_vis=false dev_vis=false player=21,11 moving=true move_route_forcing=false starting=[] common_event=0 transf=false transproc=false menu_disabled=false sw[1,9,11,15,40]=1:false,9:false,11:false,15:false,40:false
[20:37:43.462] INTERP_SETUP event_id=0 name=nil list_size=5
[20:37:43.478] f=19 map=4(frozen) interp_running=false list=nil menus_visible=false msg_showing=false winset_vis=false menu_vis=false item_vis=false ft_vis=false dev_vis=false player=21,11 moving=true move_route_forcing=false starting=[] common_event=0 transf=false transproc=false menu_disabled=false sw[1,9,11,15,40]=1:false,9:false,11:false,15:false,40:false
[20:37:43.479] INTERP_SETUP event_id=0 name=nil list_size=5
[20:37:43.495] f=20 map=4(frozen) interp_running=false list=nil menus_visible=false msg_showing=false winset_vis=false menu_vis=false item_vis=false ft_vis=false dev_vis=false player=21,11 moving=true move_route_forcing=false starting=[] common_event=0 transf=false transproc=false menu_disabled=false sw[1,9,11,15,40]=1:false,9:false,11:false,15:false,40:false
[20:37:43.496] INTERP_SETUP event_id=0 name=nil list_size=5
[20:37:43.512] f=21 map=4(frozen) interp_running=false list=nil menus_visible=false msg_showing=false winset_vis=false menu_vis=false item_vis=false ft_vis=false dev_vis=false player=21,11 moving=true move_route_forcing=false starting=[] common_event=0 transf=false transproc=false menu_disabled=false sw[1,9,11,15,40]=1:false,9:false,11:false,15:false,40:false
[20:37:43.512] INTERP_SETUP event_id=0 name=nil list_size=5
[20:37:43.528] f=22 map=4(frozen) interp_running=false list=nil menus_visible=false msg_showing=false winset_vis=false menu_vis=false item_vis=false ft_vis=false dev_vis=false player=21,11 moving=true move_route_forcing=false starting=[] common_event=0 transf=false transproc=false menu_disabled=false sw[1,9,11,15,40]=1:false,9:false,11:false,15:false,40:false
[20:37:43.529] INTERP_SETUP event_id=0 name=nil list_size=5
[20:37:43.545] f=23 map=4(frozen) interp_running=false list=nil menus_visible=false msg_showing=false winset_vis=false menu_vis=false item_vis=false ft_vis=false dev_vis=false player=21,11 moving=true move_route_forcing=false starting=[] common_event=0 transf=false transproc=false menu_disabled=false sw[1,9,11,15,40]=1:false,9:false,11:false,15:false,40:false
[20:37:43.545] INTERP_SETUP event_id=0 name=nil list_size=5
[20:37:43.561] f=24 map=4(frozen) interp_running=false list=nil menus_visible=false msg_showing=false winset_vis=false menu_vis=false item_vis=false ft_vis=false dev_vis=false player=21,11 moving=true move_route_forcing=false starting=[] common_event=0 transf=false transproc=false menu_disabled=false sw[1,9,11,15,40]=1:false,9:false,11:false,15:false,40:false
[20:37:43.562] INTERP_SETUP event_id=0 name=nil list_size=5
[20:37:43.578] f=25 map=4(frozen) interp_running=false list=nil menus_visible=false msg_showing=false winset_vis=false menu_vis=false item_vis=false ft_vis=false dev_vis=false player=21,11 moving=true move_route_forcing=false starting=[] common_event=0 transf=false transproc=false menu_disabled=false sw[1,9,11,15,40]=1:false,9:false,11:false,15:false,40:false
[20:37:43.579] INTERP_SETUP event_id=0 name=nil list_size=5
[20:37:43.595] f=26 map=4(frozen) interp_running=false list=nil menus_visible=false msg_showing=false winset_vis=false menu_vis=false item_vis=false ft_vis=false dev_vis=false player=21,11 moving=true move_route_forcing=false starting=[] common_event=0 transf=false transproc=false menu_disabled=false sw[1,9,11,15,40]=1:false,9:false,11:false,15:false,40:false
[20:37:43.596] INTERP_SETUP event_id=0 name=nil list_size=5
[20:37:43.611] f=27 map=4(frozen) interp_running=false list=nil menus_visible=false msg_showing=false winset_vis=false menu_vis=false item_vis=false ft_vis=false dev_vis=false player=21,11 moving=true move_route_forcing=false starting=[] common_event=0 transf=false transproc=false menu_disabled=false sw[1,9,11,15,40]=1:false,9:false,11:false,15:false,40:false
[20:37:43.612] INTERP_SETUP event_id=0 name=nil list_size=5
[20:37:43.628] f=28 map=4(frozen) interp_running=false list=nil menus_visible=false msg_showing=false winset_vis=false menu_vis=false item_vis=false ft_vis=false dev_vis=false player=21,11 moving=false move_route_forcing=false starting=[] common_event=0 transf=false transproc=false menu_disabled=false sw[1,9,11,15,40]=1:false,9:false,11:false,15:false,40:false
[20:37:43.629] INTERP_SETUP event_id=0 name=nil list_size=5
[20:37:43.645] f=29 map=4(frozen) interp_running=false list=nil menus_visible=false msg_showing=false winset_vis=false menu_vis=false item_vis=false ft_vis=false dev_vis=false player=22,11 moving=true move_route_forcing=false starting=[] common_event=0 transf=false transproc=false menu_disabled=false sw[1,9,11,15,40]=1:false,9:false,11:false,15:false,40:false
[20:37:43.646] INTERP_SETUP event_id=0 name=nil list_size=5
[20:37:43.662] f=30 map=4(frozen) interp_running=false list=nil menus_visible=false msg_showing=false winset_vis=false menu_vis=false item_vis=false ft_vis=false dev_vis=false player=22,11 moving=true move_route_forcing=false starting=[] common_event=0 transf=false transproc=false menu_disabled=false sw[1,9,11,15,40]=1:false,9:false,11:false,15:false,40:false
[20:37:43.663] INTERP_SETUP event_id=0 name=nil list_size=5
[20:37:43.678] f=31 map=4(frozen) interp_running=false list=nil menus_visible=false msg_showing=false winset_vis=false menu_vis=false item_vis=false ft_vis=false dev_vis=false player=22,11 moving=true move_route_forcing=false starting=[] common_event=0 transf=false transproc=false menu_disabled=false sw[1,9,11,15,40]=1:false,9:false,11:false,15:false,40:false
[20:37:43.679] INTERP_SETUP event_id=0 name=nil list_size=5
[20:37:43.695] f=32 map=4(frozen) interp_running=false list=nil menus_visible=false msg_showing=false winset_vis=false menu_vis=false item_vis=false ft_vis=false dev_vis=false player=22,11 moving=true move_route_forcing=false starting=[] common_event=0 transf=false transproc=false menu_disabled=false sw[1,9,11,15,40]=1:false,9:false,11:false,15:false,40:false
[20:37:43.696] INTERP_SETUP event_id=0 name=nil list_size=5
[20:37:43.712] f=33 map=4(frozen) interp_running=false list=nil menus_visible=false msg_showing=false winset_vis=false menu_vis=false item_vis=false ft_vis=false dev_vis=false player=22,11 moving=true move_route_forcing=false starting=[] common_event=0 transf=false transproc=false menu_disabled=false sw[1,9,11,15,40]=1:false,9:false,11:false,15:false,40:false
[20:37:43.712] INTERP_SETUP event_id=0 name=nil list_size=5
[20:37:43.728] f=34 map=4(frozen) interp_running=false list=nil menus_visible=false msg_showing=false winset_vis=false menu_vis=false item_vis=false ft_vis=false dev_vis=false player=22,11 moving=true move_route_forcing=false starting=[] common_event=0 transf=false transproc=false menu_disabled=false sw[1,9,11,15,40]=1:false,9:false,11:false,15:false,40:false
[20:37:43.729] INTERP_SETUP event_id=0 name=nil list_size=5
[20:37:43.745] f=35 map=4(frozen) interp_running=false list=nil menus_visible=false msg_showing=false winset_vis=false menu_vis=false item_vis=false ft_vis=false dev_vis=false player=22,11 moving=true move_route_forcing=false starting=[] common_event=0 transf=false transproc=false menu_disabled=false sw[1,9,11,15,40]=1:false,9:false,11:false,15:false,40:false
[20:37:43.746] INTERP_SETUP event_id=0 name=nil list_size=5
[20:37:43.762] f=36 map=4(frozen) interp_running=false list=nil menus_visible=false msg_showing=false winset_vis=false menu_vis=false item_vis=false ft_vis=false dev_vis=false player=22,11 moving=true move_route_forcing=false starting=[] common_event=0 transf=false transproc=false menu_disabled=false sw[1,9,11,15,40]=1:false,9:false,11:false,15:false,40:false
[20:37:43.763] INTERP_SETUP event_id=0 name=nil list_size=5
[20:37:43.778] f=37 map=4(frozen) interp_running=false list=nil menus_visible=false msg_showing=false winset_vis=false menu_vis=false item_vis=false ft_vis=false dev_vis=false player=22,11 moving=true move_route_forcing=false starting=[] common_event=0 transf=false transproc=false menu_disabled=false sw[1,9,11,15,40]=1:false,9:false,11:false,15:false,40:false
[20:37:43.779] INTERP_SETUP event_id=0 name=nil list_size=5
[20:37:43.795] f=38 map=4(frozen) interp_running=false list=nil menus_visible=false msg_showing=false winset_vis=false menu_vis=false item_vis=false ft_vis=false dev_vis=false player=22,11 moving=true move_route_forcing=false starting=[] common_event=0 transf=false transproc=false menu_disabled=false sw[1,9,11,15,40]=1:false,9:false,11:false,15:false,40:false
[20:37:43.796] INTERP_SETUP event_id=0 name=nil list_size=5
[20:37:43.811] f=39 map=4(frozen) interp_running=false list=nil menus_visible=false msg_showing=false winset_vis=false menu_vis=false item_vis=false ft_vis=false dev_vis=false player=22,11 moving=true move_route_forcing=false starting=[] common_event=0 transf=false transproc=false menu_disabled=false sw[1,9,11,15,40]=1:false,9:false,11:false,15:false,40:false
[20:37:43.812] INTERP_SETUP event_id=0 name=nil list_size=5
[20:37:43.829] f=40 map=4(frozen) interp_running=false list=nil menus_visible=false msg_showing=false winset_vis=false menu_vis=false item_vis=false ft_vis=false dev_vis=false player=22,11 moving=true move_route_forcing=false starting=[] common_event=0 transf=false transproc=false menu_disabled=false sw[1,9,11,15,40]=1:false,9:false,11:false,15:false,40:false
[20:37:43.829] INTERP_SETUP event_id=0 name=nil list_size=5
[20:37:43.845] f=41 map=4(frozen) interp_running=false list=nil menus_visible=false msg_showing=false winset_vis=false menu_vis=false item_vis=false ft_vis=false dev_vis=false player=22,11 moving=true move_route_forcing=false starting=[] common_event=0 transf=false transproc=false menu_disabled=false sw[1,9,11,15,40]=1:false,9:false,11:false,15:false,40:false
[20:37:43.846] INTERP_SETUP event_id=0 name=nil list_size=5
[20:37:43.861] f=42 map=4(frozen) interp_running=false list=nil menus_visible=false msg_showing=false winset_vis=false menu_vis=false item_vis=false ft_vis=false dev_vis=false player=22,11 moving=true move_route_forcing=false starting=[] common_event=0 transf=false transproc=false menu_disabled=false sw[1,9,11,15,40]=1:false,9:false,11:false,15:false,40:false
[20:37:43.862] INTERP_SETUP event_id=0 name=nil list_size=5
[20:37:43.878] f=43 map=4(frozen) interp_running=false list=nil menus_visible=false msg_showing=false winset_vis=false menu_vis=false item_vis=false ft_vis=false dev_vis=false player=22,11 moving=true move_route_forcing=false starting=[] common_event=0 transf=false transproc=false menu_disabled=false sw[1,9,11,15,40]=1:false,9:false,11:false,15:false,40:false
[20:37:43.879] INTERP_SETUP event_id=0 name=nil list_size=5
[20:37:43.895] f=44 map=4(frozen) interp_running=false list=nil menus_visible=false msg_showing=false winset_vis=false menu_vis=false item_vis=false ft_vis=false dev_vis=false player=22,11 moving=false move_route_forcing=false starting=[] common_event=0 transf=false transproc=false menu_disabled=false sw[1,9,11,15,40]=1:false,9:false,11:false,15:false,40:false
[20:37:43.896] INTERP_SETUP event_id=0 name=nil list_size=5
[20:37:43.911] f=45 map=4(frozen) interp_running=false list=nil menus_visible=false msg_showing=false winset_vis=false menu_vis=false item_vis=false ft_vis=false dev_vis=false player=22,11 moving=false move_route_forcing=false starting=[] common_event=0 transf=false transproc=false menu_disabled=false sw[1,9,11,15,40]=1:false,9:false,11:false,15:false,40:false
[20:37:43.912] INTERP_SETUP event_id=0 name=nil list_size=5
[20:37:43.928] f=46 map=4(frozen) interp_running=false list=nil menus_visible=false msg_showing=false winset_vis=false menu_vis=false item_vis=false ft_vis=false dev_vis=false player=22,11 moving=false move_route_forcing=false starting=[] common_event=0 transf=false transproc=false menu_disabled=false sw[1,9,11,15,40]=1:false,9:false,11:false,15:false,40:false
[20:37:43.929] INTERP_SETUP event_id=0 name=nil list_size=5
[20:37:43.945] f=47 map=4(frozen) interp_running=false list=nil menus_visible=false msg_showing=false winset_vis=false menu_vis=false item_vis=false ft_vis=false dev_vis=false player=21,11 moving=true move_route_forcing=false starting=[] common_event=0 transf=false transproc=false menu_disabled=false sw[1,9,11,15,40]=1:false,9:false,11:false,15:false,40:false
[20:37:43.946] INTERP_SETUP event_id=0 name=nil list_size=5
[20:37:43.961] f=48 map=4(frozen) interp_running=false list=nil menus_visible=false msg_showing=false winset_vis=false menu_vis=false item_vis=false ft_vis=false dev_vis=false player=21,11 moving=true move_route_forcing=false starting=[] common_event=0 transf=false transproc=false menu_disabled=false sw[1,9,11,15,40]=1:false,9:false,11:false,15:false,40:false
[20:37:43.962] INTERP_SETUP event_id=0 name=nil list_size=5
[20:37:43.978] f=49 map=4(frozen) interp_running=false list=nil menus_visible=false msg_showing=false winset_vis=false menu_vis=false item_vis=false ft_vis=false dev_vis=false player=21,11 moving=true move_route_forcing=false starting=[] common_event=0 transf=false transproc=false menu_disabled=false sw[1,9,11,15,40]=1:false,9:false,11:false,15:false,40:false
[20:37:43.979] INTERP_SETUP event_id=0 name=nil list_size=5
[20:37:43.995] f=50 map=4(frozen) interp_running=false list=nil menus_visible=false msg_showing=false winset_vis=false menu_vis=false item_vis=false ft_vis=false dev_vis=false player=21,11 moving=true move_route_forcing=false starting=[] common_event=0 transf=false transproc=false menu_disabled=false sw[1,9,11,15,40]=1:false,9:false,11:false,15:false,40:false
[20:37:43.996] INTERP_SETUP event_id=0 name=nil list_size=5
[20:37:44.012] f=51 map=4(frozen) interp_running=false list=nil menus_visible=false msg_showing=false winset_vis=false menu_vis=false item_vis=false ft_vis=false dev_vis=false player=21,11 moving=true move_route_forcing=false starting=[] common_event=0 transf=false transproc=false menu_disabled=false sw[1,9,11,15,40]=1:false,9:false,11:false,15:false,40:false
[20:37:44.012] INTERP_SETUP event_id=0 name=nil list_size=5
[20:37:44.028] f=52 map=4(frozen) interp_running=false list=nil menus_visible=false msg_showing=false winset_vis=false menu_vis=false item_vis=false ft_vis=false dev_vis=false player=21,11 moving=true move_route_forcing=false starting=[] common_event=0 transf=false transproc=false menu_disabled=false sw[1,9,11,15,40]=1:false,9:false,11:false,15:false,40:false
[20:37:44.029] INTERP_SETUP event_id=0 name=nil list_size=5
[20:37:44.045] f=53 map=4(frozen) interp_running=false list=nil menus_visible=false msg_showing=false winset_vis=false menu_vis=false item_vis=false ft_vis=false dev_vis=false player=21,11 moving=true move_route_forcing=false starting=[] common_event=0 transf=false transproc=false menu_disabled=false sw[1,9,11,15,40]=1:false,9:false,11:false,15:false,40:false
[20:37:44.046] INTERP_SETUP event_id=0 name=nil list_size=5
[20:37:44.062] f=54 map=4(frozen) interp_running=false list=nil menus_visible=false msg_showing=false winset_vis=false menu_vis=false item_vis=false ft_vis=false dev_vis=false player=21,11 moving=true move_route_forcing=false starting=[] common_event=0 transf=false transproc=false menu_disabled=false sw[1,9,11,15,40]=1:false,9:false,11:false,15:false,40:false
[20:37:44.062] INTERP_SETUP event_id=0 name=nil list_size=5
[20:37:44.078] f=55 map=4(frozen) interp_running=false list=nil menus_visible=false msg_showing=false winset_vis=false menu_vis=false item_vis=false ft_vis=false dev_vis=false player=21,11 moving=true move_route_forcing=false starting=[] common_event=0 transf=false transproc=false menu_disabled=false sw[1,9,11,15,40]=1:false,9:false,11:false,15:false,40:false
[20:37:44.079] INTERP_SETUP event_id=0 name=nil list_size=5
[20:37:44.095] f=56 map=4(frozen) interp_running=false list=nil menus_visible=false msg_showing=false winset_vis=false menu_vis=false item_vis=false ft_vis=false dev_vis=false player=21,11 moving=true move_route_forcing=false starting=[] common_event=0 transf=false transproc=false menu_disabled=false sw[1,9,11,15,40]=1:false,9:false,11:false,15:false,40:false
[20:37:44.095] INTERP_SETUP event_id=0 name=nil list_size=5
[20:37:44.111] f=57 map=4(frozen) interp_running=false list=nil menus_visible=false msg_showing=false winset_vis=false menu_vis=false item_vis=false ft_vis=false dev_vis=false player=21,11 moving=true move_route_forcing=false starting=[] common_event=0 transf=false transproc=false menu_disabled=false sw[1,9,11,15,40]=1:false,9:false,11:false,15:false,40:false
[20:37:44.112] INTERP_SETUP event_id=0 name=nil list_size=5
[20:37:44.128] f=58 map=4(frozen) interp_running=false list=nil menus_visible=false msg_showing=false winset_vis=false menu_vis=false item_vis=false ft_vis=false dev_vis=false player=21,11 moving=true move_route_forcing=false starting=[] common_event=0 transf=false transproc=false menu_disabled=false sw[1,9,11,15,40]=1:false,9:false,11:false,15:false,40:false
[20:37:44.129] INTERP_SETUP event_id=0 name=nil list_size=5
[20:37:44.145] f=59 map=4(frozen) interp_running=false list=nil menus_visible=false msg_showing=false winset_vis=false menu_vis=false item_vis=false ft_vis=false dev_vis=false player=21,11 moving=true move_route_forcing=false starting=[] common_event=0 transf=false transproc=false menu_disabled=false sw[1,9,11,15,40]=1:false,9:false,11:false,15:false,40:false
[20:37:44.146] INTERP_SETUP event_id=0 name=nil list_size=5
[20:37:44.161] f=60 map=4(frozen) interp_running=false list=nil menus_visible=false msg_showing=false winset_vis=false menu_vis=false item_vis=false ft_vis=false dev_vis=false player=21,11 moving=true move_route_forcing=false starting=[] common_event=0 transf=false transproc=false menu_disabled=false sw[1,9,11,15,40]=1:false,9:false,11:false,15:false,40:false
[20:37:44.162] INTERP_SETUP event_id=0 name=nil list_size=5
[20:37:44.178] f=61 map=4(frozen) interp_running=false list=nil menus_visible=false msg_showing=false winset_vis=false menu_vis=false item_vis=false ft_vis=false dev_vis=false player=21,11 moving=true move_route_forcing=false starting=[] common_event=0 transf=false transproc=false menu_disabled=false sw[1,9,11,15,40]=1:false,9:false,11:false,15:false,40:false
[20:37:44.179] INTERP_SETUP event_id=0 name=nil list_size=5
[20:37:44.195] f=62 map=4(frozen) interp_running=false list=nil menus_visible=false msg_showing=false winset_vis=false menu_vis=false item_vis=false ft_vis=false dev_vis=false player=21,11 moving=false move_route_forcing=false starting=[] common_event=0 transf=false transproc=false menu_disabled=false sw[1,9,11,15,40]=1:false,9:false,11:false,15:false,40:false
[20:37:44.196] INTERP_SETUP event_id=0 name=nil list_size=5
[20:37:44.212] f=63 map=4(frozen) interp_running=false list=nil menus_visible=false msg_showing=false winset_vis=false menu_vis=false item_vis=false ft_vis=false dev_vis=false player=21,11 moving=false move_route_forcing=false starting=[] common_event=0 transf=false transproc=false menu_disabled=false sw[1,9,11,15,40]=1:false,9:false,11:false,15:false,40:false
[20:37:44.212] INTERP_SETUP event_id=0 name=nil list_size=5
[20:37:44.228] f=64 map=4(frozen) interp_running=false list=nil menus_visible=false msg_showing=false winset_vis=false menu_vis=false item_vis=false ft_vis=false dev_vis=false player=21,11 moving=false move_route_forcing=false starting=[] common_event=0 transf=false transproc=false menu_disabled=false sw[1,9,11,15,40]=1:false,9:false,11:false,15:false,40:false
[20:37:44.229] INTERP_SETUP event_id=0 name=nil list_size=5
[20:37:44.245] f=65 map=4(frozen) interp_running=false list=nil menus_visible=false msg_showing=false winset_vis=false menu_vis=false item_vis=false ft_vis=false dev_vis=false player=21,11 moving=false move_route_forcing=false starting=[] common_event=0 transf=false transproc=false menu_disabled=false sw[1,9,11,15,40]=1:false,9:false,11:false,15:false,40:false
[20:37:44.246] INTERP_SETUP event_id=0 name=nil list_size=5
[20:37:44.261] f=66 map=4(frozen) interp_running=false list=nil menus_visible=false msg_showing=false winset_vis=false menu_vis=false item_vis=false ft_vis=false dev_vis=false player=21,11 moving=false move_route_forcing=false starting=[] common_event=0 transf=false transproc=false menu_disabled=false sw[1,9,11,15,40]=1:false,9:false,11:false,15:false,40:false
[20:37:44.262] INTERP_SETUP event_id=0 name=nil list_size=5
[20:37:44.278] f=67 map=4(frozen) interp_running=false list=nil menus_visible=false msg_showing=false winset_vis=false menu_vis=false item_vis=false ft_vis=false dev_vis=false player=21,11 moving=false move_route_forcing=false starting=[] common_event=0 transf=false transproc=false menu_disabled=false sw[1,9,11,15,40]=1:false,9:false,11:false,15:false,40:false
[20:37:44.279] INTERP_SETUP event_id=0 name=nil list_size=5
[20:37:44.295] f=68 map=4(frozen) interp_running=false list=nil menus_visible=false msg_showing=false winset_vis=false menu_vis=false item_vis=false ft_vis=false dev_vis=false player=21,11 moving=false move_route_forcing=false starting=[] common_event=0 transf=false transproc=false menu_disabled=false sw[1,9,11,15,40]=1:false,9:false,11:false,15:false,40:false
[20:37:44.296] INTERP_SETUP event_id=0 name=nil list_size=5
[20:37:44.311] f=69 map=4(frozen) interp_running=false list=nil menus_visible=false msg_showing=false winset_vis=false menu_vis=false item_vis=false ft_vis=false dev_vis=false player=21,11 moving=false move_route_forcing=false starting=[] common_event=0 transf=false transproc=false menu_disabled=false sw[1,9,11,15,40]=1:false,9:false,11:false,15:false,40:false
[20:37:44.312] INTERP_SETUP event_id=0 name=nil list_size=5
[20:37:44.328] f=70 map=4(frozen) interp_running=false list=nil menus_visible=false msg_showing=false winset_vis=false menu_vis=false item_vis=false ft_vis=false dev_vis=false player=21,11 moving=false move_route_forcing=false starting=[] common_event=0 transf=false transproc=false menu_disabled=false sw[1,9,11,15,40]=1:false,9:false,11:false,15:false,40:false
[20:37:44.329] INTERP_SETUP event_id=0 name=nil list_size=5
[20:37:44.345] f=71 map=4(frozen) interp_running=false list=nil menus_visible=false msg_showing=false winset_vis=false menu_vis=false item_vis=false ft_vis=false dev_vis=false player=21,11 moving=false move_route_forcing=false starting=[] common_event=0 transf=false transproc=false menu_disabled=false sw[1,9,11,15,40]=1:false,9:false,11:false,15:false,40:false
[20:37:44.346] INTERP_SETUP event_id=0 name=nil list_size=5
[20:37:44.362] f=72 map=4(frozen) interp_running=false list=nil menus_visible=false msg_showing=false winset_vis=false menu_vis=false item_vis=false ft_vis=false dev_vis=false player=21,11 moving=false move_route_forcing=false starting=[] common_event=0 transf=false transproc=false menu_disabled=false sw[1,9,11,15,40]=1:false,9:false,11:false,15:false,40:false
[20:37:44.363] INTERP_SETUP event_id=0 name=nil list_size=5
[20:37:44.378] f=73 map=4(frozen) interp_running=false list=nil menus_visible=false msg_showing=false winset_vis=false menu_vis=false item_vis=false ft_vis=false dev_vis=false player=22,11 moving=true move_route_forcing=false starting=[] common_event=0 transf=false transproc=false menu_disabled=false sw[1,9,11,15,40]=1:false,9:false,11:false,15:false,40:false
[20:37:44.379] INTERP_SETUP event_id=0 name=nil list_size=5
[20:37:44.396] f=74 map=4(frozen) interp_running=false list=nil menus_visible=false msg_showing=false winset_vis=false menu_vis=false item_vis=false ft_vis=false dev_vis=false player=22,11 moving=true move_route_forcing=false starting=[] common_event=0 transf=false transproc=false menu_disabled=false sw[1,9,11,15,40]=1:false,9:false,11:false,15:false,40:false
[20:37:44.396] INTERP_SETUP event_id=0 name=nil list_size=5
[20:37:44.412] f=75 map=4(frozen) interp_running=false list=nil menus_visible=false msg_showing=false winset_vis=false menu_vis=false item_vis=false ft_vis=false dev_vis=false player=22,11 moving=true move_route_forcing=false starting=[] common_event=0 transf=false transproc=false menu_disabled=false sw[1,9,11,15,40]=1:false,9:false,11:false,15:false,40:false
[20:37:44.413] INTERP_SETUP event_id=0 name=nil list_size=5
[20:37:44.428] f=76 map=4(frozen) interp_running=false list=nil menus_visible=false msg_showing=false winset_vis=false menu_vis=false item_vis=false ft_vis=false dev_vis=false player=22,11 moving=true move_route_forcing=false starting=[] common_event=0 transf=false transproc=false menu_disabled=false sw[1,9,11,15,40]=1:false,9:false,11:false,15:false,40:false
[20:37:44.429] INTERP_SETUP event_id=0 name=nil list_size=5
[20:37:44.445] f=77 map=4(frozen) interp_running=false list=nil menus_visible=false msg_showing=false winset_vis=false menu_vis=false item_vis=false ft_vis=false dev_vis=false player=22,11 moving=true move_route_forcing=false starting=[] common_event=0 transf=false transproc=false menu_disabled=false sw[1,9,11,15,40]=1:false,9:false,11:false,15:false,40:false
[20:37:44.446] INTERP_SETUP event_id=0 name=nil list_size=5
[20:37:44.461] f=78 map=4(frozen) interp_running=false list=nil menus_visible=false msg_showing=false winset_vis=false menu_vis=false item_vis=false ft_vis=false dev_vis=false player=22,11 moving=true move_route_forcing=false starting=[] common_event=0 transf=false transproc=false menu_disabled=false sw[1,9,11,15,40]=1:false,9:false,11:false,15:false,40:false
[20:37:44.462] INTERP_SETUP event_id=0 name=nil list_size=5
[20:37:44.478] f=79 map=4(frozen) interp_running=false list=nil menus_visible=false msg_showing=false winset_vis=false menu_vis=false item_vis=false ft_vis=false dev_vis=false player=22,11 moving=true move_route_forcing=false starting=[] common_event=0 transf=false transproc=false menu_disabled=false sw[1,9,11,15,40]=1:false,9:false,11:false,15:false,40:false
[20:37:44.479] INTERP_SETUP event_id=0 name=nil list_size=5
[20:37:44.495] f=80 map=4(frozen) interp_running=false list=nil menus_visible=false msg_showing=false winset_vis=false menu_vis=false item_vis=false ft_vis=false dev_vis=false player=22,11 moving=true move_route_forcing=false starting=[] common_event=0 transf=false transproc=false menu_disabled=false sw[1,9,11,15,40]=1:false,9:false,11:false,15:false,40:false
[20:37:44.496] INTERP_SETUP event_id=0 name=nil list_size=5
[20:37:44.512] f=81 map=4(frozen) interp_running=false list=nil menus_visible=false msg_showing=false winset_vis=false menu_vis=false item_vis=false ft_vis=false dev_vis=false player=22,11 moving=true move_route_forcing=false starting=[] common_event=0 transf=false transproc=false menu_disabled=false sw[1,9,11,15,40]=1:false,9:false,11:false,15:false,40:false
[20:37:44.512] INTERP_SETUP event_id=0 name=nil list_size=5
[20:37:44.528] f=82 map=4(frozen) interp_running=false list=nil menus_visible=false msg_showing=false winset_vis=false menu_vis=false item_vis=false ft_vis=false dev_vis=false player=22,11 moving=true move_route_forcing=false starting=[] common_event=0 transf=false transproc=false menu_disabled=false sw[1,9,11,15,40]=1:false,9:false,11:false,15:false,40:false
[20:37:44.529] INTERP_SETUP event_id=0 name=nil list_size=5
[20:37:44.545] f=83 map=4(frozen) interp_running=false list=nil menus_visible=false msg_showing=false winset_vis=false menu_vis=false item_vis=false ft_vis=false dev_vis=false player=22,11 moving=true move_route_forcing=false starting=[] common_event=0 transf=false transproc=false menu_disabled=false sw[1,9,11,15,40]=1:false,9:false,11:false,15:false,40:false
[20:37:44.546] INTERP_SETUP event_id=0 name=nil list_size=5
[20:37:44.561] f=84 map=4(frozen) interp_running=false list=nil menus_visible=false msg_showing=false winset_vis=false menu_vis=false item_vis=false ft_vis=false dev_vis=false player=22,11 moving=true move_route_forcing=false starting=[] common_event=0 transf=false transproc=false menu_disabled=false sw[1,9,11,15,40]=1:false,9:false,11:false,15:false,40:false
[20:37:44.562] INTERP_SETUP event_id=0 name=nil list_size=5
[20:37:44.578] f=85 map=4(frozen) interp_running=false list=nil menus_visible=false msg_showing=false winset_vis=false menu_vis=false item_vis=false ft_vis=false dev_vis=false player=22,11 moving=true move_route_forcing=false starting=[] common_event=0 transf=false transproc=false menu_disabled=false sw[1,9,11,15,40]=1:false,9:false,11:false,15:false,40:false
[20:37:44.579] INTERP_SETUP event_id=0 name=nil list_size=5
[20:37:44.595] f=86 map=4(frozen) interp_running=false list=nil menus_visible=false msg_showing=false winset_vis=false menu_vis=false item_vis=false ft_vis=false dev_vis=false player=22,11 moving=true move_route_forcing=false starting=[] common_event=0 transf=false transproc=false menu_disabled=false sw[1,9,11,15,40]=1:false,9:false,11:false,15:false,40:false
[20:37:44.596] INTERP_SETUP event_id=0 name=nil list_size=5
[20:37:44.611] f=87 map=4(frozen) interp_running=false list=nil menus_visible=false msg_showing=false winset_vis=false menu_vis=false item_vis=false ft_vis=false dev_vis=false player=22,11 moving=true move_route_forcing=false starting=[] common_event=0 transf=false transproc=false menu_disabled=false sw[1,9,11,15,40]=1:false,9:false,11:false,15:false,40:false
[20:37:44.612] INTERP_SETUP event_id=0 name=nil list_size=5
[20:37:44.628] f=88 map=4(frozen) interp_running=false list=nil menus_visible=false msg_showing=false winset_vis=false menu_vis=false item_vis=false ft_vis=false dev_vis=false player=22,11 moving=false move_route_forcing=false starting=[] common_event=0 transf=false transproc=false menu_disabled=false sw[1,9,11,15,40]=1:false,9:false,11:false,15:false,40:false
[20:37:44.629] INTERP_SETUP event_id=0 name=nil list_size=5
[20:37:44.645] f=89 map=4(frozen) interp_running=false list=nil menus_visible=false msg_showing=false winset_vis=false menu_vis=false item_vis=false ft_vis=false dev_vis=false player=23,11 moving=true move_route_forcing=false starting=[] common_event=0 transf=false transproc=false menu_disabled=false sw[1,9,11,15,40]=1:false,9:false,11:false,15:false,40:false
[20:37:44.646] INTERP_SETUP event_id=0 name=nil list_size=5
[20:37:44.661] f=90 map=4(frozen) interp_running=false list=nil menus_visible=false msg_showing=false winset_vis=false menu_vis=false item_vis=false ft_vis=false dev_vis=false player=23,11 moving=true move_route_forcing=false starting=[] common_event=0 transf=false transproc=false menu_disabled=false sw[1,9,11,15,40]=1:false,9:false,11:false,15:false,40:false
[20:37:44.662] INTERP_SETUP event_id=0 name=nil list_size=5
[20:37:44.678] f=91 map=4(frozen) interp_running=false list=nil menus_visible=false msg_showing=false winset_vis=false menu_vis=false item_vis=false ft_vis=false dev_vis=false player=23,11 moving=true move_route_forcing=false starting=[] common_event=0 transf=false transproc=false menu_disabled=false sw[1,9,11,15,40]=1:false,9:false,11:false,15:false,40:false
[20:37:44.679] INTERP_SETUP event_id=0 name=nil list_size=5
[20:37:44.695] f=92 map=4(frozen) interp_running=false list=nil menus_visible=false msg_showing=false winset_vis=false menu_vis=false item_vis=false ft_vis=false dev_vis=false player=23,11 moving=true move_route_forcing=false starting=[] common_event=0 transf=false transproc=false menu_disabled=false sw[1,9,11,15,40]=1:false,9:false,11:false,15:false,40:false
[20:37:44.696] INTERP_SETUP event_id=0 name=nil list_size=5
[20:37:44.711] f=93 map=4(frozen) interp_running=false list=nil menus_visible=false msg_showing=false winset_vis=false menu_vis=false item_vis=false ft_vis=false dev_vis=false player=23,11 moving=true move_route_forcing=false starting=[] common_event=0 transf=false transproc=false menu_disabled=false sw[1,9,11,15,40]=1:false,9:false,11:false,15:false,40:false
[20:37:44.713] INTERP_SETUP event_id=0 name=nil list_size=5
[20:37:44.728] f=94 map=4(frozen) interp_running=false list=nil menus_visible=false msg_showing=false winset_vis=false menu_vis=false item_vis=false ft_vis=false dev_vis=false player=23,11 moving=true move_route_forcing=false starting=[] common_event=0 transf=false transproc=false menu_disabled=false sw[1,9,11,15,40]=1:false,9:false,11:false,15:false,40:false
[20:37:44.729] INTERP_SETUP event_id=0 name=nil list_size=5
[20:37:44.745] f=95 map=4(frozen) interp_running=false list=nil menus_visible=false msg_showing=false winset_vis=false menu_vis=false item_vis=false ft_vis=false dev_vis=false player=23,11 moving=true move_route_forcing=false starting=[] common_event=0 transf=false transproc=false menu_disabled=false sw[1,9,11,15,40]=1:false,9:false,11:false,15:false,40:false
[20:37:44.746] INTERP_SETUP event_id=0 name=nil list_size=5
[20:37:44.761] f=96 map=4(frozen) interp_running=false list=nil menus_visible=false msg_showing=false winset_vis=false menu_vis=false item_vis=false ft_vis=false dev_vis=false player=23,11 moving=true move_route_forcing=false starting=[] common_event=0 transf=false transproc=false menu_disabled=false sw[1,9,11,15,40]=1:false,9:false,11:false,15:false,40:false
[20:37:44.762] INTERP_SETUP event_id=0 name=nil list_size=5
[20:37:44.778] f=97 map=4(frozen) interp_running=false list=nil menus_visible=false msg_showing=false winset_vis=false menu_vis=false item_vis=false ft_vis=false dev_vis=false player=23,11 moving=true move_route_forcing=false starting=[] common_event=0 transf=false transproc=false menu_disabled=false sw[1,9,11,15,40]=1:false,9:false,11:false,15:false,40:false
[20:37:44.779] INTERP_SETUP event_id=0 name=nil list_size=5
[20:37:44.795] f=98 map=4(frozen) interp_running=false list=nil menus_visible=false msg_showing=false winset_vis=false menu_vis=false item_vis=false ft_vis=false dev_vis=false player=23,11 moving=true move_route_forcing=false starting=[] common_event=0 transf=false transproc=false menu_disabled=false sw[1,9,11,15,40]=1:false,9:false,11:false,15:false,40:false
[20:37:44.796] INTERP_SETUP event_id=0 name=nil list_size=5
[20:37:44.811] f=99 map=4(frozen) interp_running=false list=nil menus_visible=false msg_showing=false winset_vis=false menu_vis=false item_vis=false ft_vis=false dev_vis=false player=23,11 moving=true move_route_forcing=false starting=[] common_event=0 transf=false transproc=false menu_disabled=false sw[1,9,11,15,40]=1:false,9:false,11:false,15:false,40:false
[20:37:44.812] INTERP_SETUP event_id=0 name=nil list_size=5
[20:37:44.828] f=100 map=4(frozen) interp_running=false list=nil menus_visible=false msg_showing=false winset_vis=false menu_vis=false item_vis=false ft_vis=false dev_vis=false player=23,11 moving=true move_route_forcing=false starting=[] common_event=0 transf=false transproc=false menu_disabled=false sw[1,9,11,15,40]=1:false,9:false,11:false,15:false,40:false
[20:37:44.829] INTERP_SETUP event_id=0 name=nil list_size=5
[20:37:44.845] f=101 map=4(frozen) interp_running=false list=nil menus_visible=false msg_showing=false winset_vis=false menu_vis=false item_vis=false ft_vis=false dev_vis=false player=23,11 moving=true move_route_forcing=false starting=[] common_event=0 transf=false transproc=false menu_disabled=false sw[1,9,11,15,40]=1:false,9:false,11:false,15:false,40:false
[20:37:44.846] INTERP_SETUP event_id=0 name=nil list_size=5
[20:37:44.861] f=102 map=4(frozen) interp_running=false list=nil menus_visible=false msg_showing=false winset_vis=false menu_vis=false item_vis=false ft_vis=false dev_vis=false player=23,11 moving=true move_route_forcing=false starting=[] common_event=0 transf=false transproc=false menu_disabled=false sw[1,9,11,15,40]=1:false,9:false,11:false,15:false,40:false
[20:37:44.862] INTERP_SETUP event_id=0 name=nil list_size=5
[20:37:44.878] f=103 map=4(frozen) interp_running=false list=nil menus_visible=false msg_showing=false winset_vis=false menu_vis=false item_vis=false ft_vis=false dev_vis=false player=23,11 moving=true move_route_forcing=false starting=[] common_event=0 transf=false transproc=false menu_disabled=false sw[1,9,11,15,40]=1:false,9:false,11:false,15:false,40:false
[20:37:44.879] INTERP_SETUP event_id=0 name=nil list_size=5
[20:37:44.895] f=104 map=4(frozen) interp_running=false list=nil menus_visible=false msg_showing=false winset_vis=false menu_vis=false item_vis=false ft_vis=false dev_vis=false player=23,11 moving=false move_route_forcing=false starting=[] common_event=0 transf=false transproc=false menu_disabled=false sw[1,9,11,15,40]=1:false,9:false,11:false,15:false,40:false
[20:37:44.896] INTERP_SETUP event_id=0 name=nil list_size=5
[20:37:44.911] f=105 map=4(frozen) interp_running=false list=nil menus_visible=false msg_showing=false winset_vis=false menu_vis=false item_vis=false ft_vis=false dev_vis=false player=24,11 moving=true move_route_forcing=false starting=[] common_event=0 transf=false transproc=false menu_disabled=false sw[1,9,11,15,40]=1:false,9:false,11:false,15:false,40:false
[20:37:44.912] INTERP_SETUP event_id=0 name=nil list_size=5
[20:37:44.928] f=106 map=4(frozen) interp_running=false list=nil menus_visible=false msg_showing=false winset_vis=false menu_vis=false item_vis=false ft_vis=false dev_vis=false player=24,11 moving=true move_route_forcing=false starting=[] common_event=0 transf=false transproc=false menu_disabled=false sw[1,9,11,15,40]=1:false,9:false,11:false,15:false,40:false
[20:37:44.929] INTERP_SETUP event_id=0 name=nil list_size=5
[20:37:44.945] f=107 map=4(frozen) interp_running=false list=nil menus_visible=false msg_showing=false winset_vis=false menu_vis=false item_vis=false ft_vis=false dev_vis=false player=24,11 moving=true move_route_forcing=false starting=[] common_event=0 transf=false transproc=false menu_disabled=false sw[1,9,11,15,40]=1:false,9:false,11:false,15:false,40:false
[20:37:44.946] INTERP_SETUP event_id=0 name=nil list_size=5
[20:37:44.961] f=108 map=4(frozen) interp_running=false list=nil menus_visible=false msg_showing=false winset_vis=false menu_vis=false item_vis=false ft_vis=false dev_vis=false player=24,11 moving=true move_route_forcing=false starting=[] common_event=0 transf=false transproc=false menu_disabled=false sw[1,9,11,15,40]=1:false,9:false,11:false,15:false,40:false
[20:37:44.962] INTERP_SETUP event_id=0 name=nil list_size=5
[20:37:44.978] f=109 map=4(frozen) interp_running=false list=nil menus_visible=false msg_showing=false winset_vis=false menu_vis=false item_vis=false ft_vis=false dev_vis=false player=24,11 moving=true move_route_forcing=false starting=[] common_event=0 transf=false transproc=false menu_disabled=false sw[1,9,11,15,40]=1:false,9:false,11:false,15:false,40:false
[20:37:44.979] INTERP_SETUP event_id=0 name=nil list_size=5
[20:37:44.995] f=110 map=4(frozen) interp_running=false list=nil menus_visible=false msg_showing=false winset_vis=false menu_vis=false item_vis=false ft_vis=false dev_vis=false player=24,11 moving=true move_route_forcing=false starting=[] common_event=0 transf=false transproc=false menu_disabled=false sw[1,9,11,15,40]=1:false,9:false,11:false,15:false,40:false
[20:37:44.995] INTERP_SETUP event_id=0 name=nil list_size=5
[20:37:45.011] f=111 map=4(frozen) interp_running=false list=nil menus_visible=false msg_showing=false winset_vis=false menu_vis=false item_vis=false ft_vis=false dev_vis=false player=24,11 moving=true move_route_forcing=false starting=[] common_event=0 transf=false transproc=false menu_disabled=false sw[1,9,11,15,40]=1:false,9:false,11:false,15:false,40:false
[20:37:45.012] INTERP_SETUP event_id=0 name=nil list_size=5
[20:37:45.028] f=112 map=4(frozen) interp_running=false list=nil menus_visible=false msg_showing=false winset_vis=false menu_vis=false item_vis=false ft_vis=false dev_vis=false player=24,11 moving=true move_route_forcing=false starting=[] common_event=0 transf=false transproc=false menu_disabled=false sw[1,9,11,15,40]=1:false,9:false,11:false,15:false,40:false
[20:37:45.029] INTERP_SETUP event_id=0 name=nil list_size=5
[20:37:45.045] f=113 map=4(frozen) interp_running=false list=nil menus_visible=false msg_showing=false winset_vis=false menu_vis=false item_vis=false ft_vis=false dev_vis=false player=24,11 moving=true move_route_forcing=false starting=[] common_event=0 transf=false transproc=false menu_disabled=false sw[1,9,11,15,40]=1:false,9:false,11:false,15:false,40:false
[20:37:45.046] INTERP_SETUP event_id=0 name=nil list_size=5
[20:37:45.062] f=114 map=4(frozen) interp_running=false list=nil menus_visible=false msg_showing=false winset_vis=false menu_vis=false item_vis=false ft_vis=false dev_vis=false player=24,11 moving=true move_route_forcing=false starting=[] common_event=0 transf=false transproc=false menu_disabled=false sw[1,9,11,15,40]=1:false,9:false,11:false,15:false,40:false
[20:37:45.063] INTERP_SETUP event_id=0 name=nil list_size=5
[20:37:45.078] f=115 map=4(frozen) interp_running=false list=nil menus_visible=false msg_showing=false winset_vis=false menu_vis=false item_vis=false ft_vis=false dev_vis=false player=24,11 moving=true move_route_forcing=false starting=[] common_event=0 transf=false transproc=false menu_disabled=false sw[1,9,11,15,40]=1:false,9:false,11:false,15:false,40:false
[20:37:45.079] INTERP_SETUP event_id=0 name=nil list_size=5
[20:37:45.095] f=116 map=4(frozen) interp_running=false list=nil menus_visible=false msg_showing=false winset_vis=false menu_vis=false item_vis=false ft_vis=false dev_vis=false player=24,11 moving=true move_route_forcing=false starting=[] common_event=0 transf=false transproc=false menu_disabled=false sw[1,9,11,15,40]=1:false,9:false,11:false,15:false,40:false
[20:37:45.096] INTERP_SETUP event_id=0 name=nil list_size=5
[20:37:45.111] f=117 map=4(frozen) interp_running=false list=nil menus_visible=false msg_showing=false winset_vis=false menu_vis=false item_vis=false ft_vis=false dev_vis=false player=24,11 moving=true move_route_forcing=false starting=[] common_event=0 transf=false transproc=false menu_disabled=false sw[1,9,11,15,40]=1:false,9:false,11:false,15:false,40:false
[20:37:45.112] INTERP_SETUP event_id=0 name=nil list_size=5
[20:37:45.128] f=118 map=4(frozen) interp_running=false list=nil menus_visible=false msg_showing=false winset_vis=false menu_vis=false item_vis=false ft_vis=false dev_vis=false player=24,11 moving=true move_route_forcing=false starting=[] common_event=0 transf=false transproc=false menu_disabled=false sw[1,9,11,15,40]=1:false,9:false,11:false,15:false,40:false
[20:37:45.129] INTERP_SETUP event_id=0 name=nil list_size=5
[20:37:45.145] f=119 map=4(frozen) interp_running=false list=nil menus_visible=false msg_showing=false winset_vis=false menu_vis=false item_vis=false ft_vis=false dev_vis=false player=24,11 moving=true move_route_forcing=false starting=[] common_event=0 transf=false transproc=false menu_disabled=false sw[1,9,11,15,40]=1:false,9:false,11:false,15:false,40:false
[20:37:45.145] INTERP_SETUP event_id=0 name=nil list_size=5
[20:37:45.161] f=120 map=4(frozen) interp_running=false list=nil menus_visible=false msg_showing=false winset_vis=false menu_vis=false item_vis=false ft_vis=false dev_vis=false player=24,11 moving=false move_route_forcing=false starting=[] common_event=0 transf=false transproc=false menu_disabled=false sw[1,9,11,15,40]=1:false,9:false,11:false,15:false,40:false
[20:37:45.162] INTERP_SETUP event_id=0 name=nil list_size=5
[20:37:45.178] f=121 map=4(frozen) interp_running=false list=nil menus_visible=false msg_showing=false winset_vis=false menu_vis=false item_vis=false ft_vis=false dev_vis=false player=24,11 moving=false move_route_forcing=false starting=[] common_event=0 transf=false transproc=false menu_disabled=false sw[1,9,11,15,40]=1:false,9:false,11:false,15:false,40:false
[20:37:45.179] INTERP_SETUP event_id=0 name=nil list_size=5
[20:37:45.195] f=122 map=4(frozen) interp_running=false list=nil menus_visible=false msg_showing=false winset_vis=false menu_vis=false item_vis=false ft_vis=false dev_vis=false player=24,11 moving=false move_route_forcing=false starting=[] common_event=0 transf=false transproc=false menu_disabled=false sw[1,9,11,15,40]=1:false,9:false,11:false,15:false,40:false
[20:37:45.196] INTERP_SETUP event_id=0 name=nil list_size=5
[20:37:45.211] f=123 map=4(frozen) interp_running=false list=nil menus_visible=false msg_showing=false winset_vis=false menu_vis=false item_vis=false ft_vis=false dev_vis=false player=24,11 moving=false move_route_forcing=false starting=[] common_event=0 transf=false transproc=false menu_disabled=false sw[1,9,11,15,40]=1:false,9:false,11:false,15:false,40:false
[20:37:45.212] INTERP_SETUP event_id=0 name=nil list_size=5
[20:37:45.228] f=124 map=4(frozen) interp_running=false list=nil menus_visible=false msg_showing=false winset_vis=false menu_vis=false item_vis=false ft_vis=false dev_vis=false player=24,11 moving=false move_route_forcing=false starting=[] common_event=0 transf=false transproc=false menu_disabled=false sw[1,9,11,15,40]=1:false,9:false,11:false,15:false,40:false
[20:37:45.229] INTERP_SETUP event_id=0 name=nil list_size=5
[20:37:45.245] f=125 map=4(frozen) interp_running=false list=nil menus_visible=false msg_showing=false winset_vis=false menu_vis=false item_vis=false ft_vis=false dev_vis=false player=24,11 moving=false move_route_forcing=false starting=[] common_event=0 transf=false transproc=false menu_disabled=false sw[1,9,11,15,40]=1:false,9:false,11:false,15:false,40:false
[20:37:45.245] INTERP_SETUP event_id=0 name=nil list_size=5
[20:37:45.261] f=126 map=4(frozen) interp_running=false list=nil menus_visible=false msg_showing=false winset_vis=false menu_vis=false item_vis=false ft_vis=false dev_vis=false player=24,11 moving=false move_route_forcing=false starting=[] common_event=0 transf=false transproc=false menu_disabled=false sw[1,9,11,15,40]=1:false,9:false,11:false,15:false,40:false
[20:37:45.262] INTERP_SETUP event_id=0 name=nil list_size=5
[20:37:45.278] f=127 map=4(frozen) interp_running=false list=nil menus_visible=false msg_showing=false winset_vis=false menu_vis=false item_vis=false ft_vis=false dev_vis=false player=24,11 moving=false move_route_forcing=false starting=[] common_event=0 transf=false transproc=false menu_disabled=false sw[1,9,11,15,40]=1:false,9:false,11:false,15:false,40:false
[20:37:45.279] INTERP_SETUP event_id=0 name=nil list_size=5
[20:37:45.295] f=128 map=4(frozen) interp_running=false list=nil menus_visible=false msg_showing=false winset_vis=false menu_vis=false item_vis=false ft_vis=false dev_vis=false player=24,11 moving=false move_route_forcing=false starting=[] common_event=0 transf=false transproc=false menu_disabled=false sw[1,9,11,15,40]=1:false,9:false,11:false,15:false,40:false
[20:37:45.296] INTERP_SETUP event_id=0 name=nil list_size=5
[20:37:45.311] f=129 map=4(frozen) interp_running=false list=nil menus_visible=false msg_showing=false winset_vis=false menu_vis=false item_vis=false ft_vis=false dev_vis=false player=24,11 moving=false move_route_forcing=false starting=[] common_event=0 transf=false transproc=false menu_disabled=false sw[1,9,11,15,40]=1:false,9:false,11:false,15:false,40:false
[20:37:45.312] INTERP_SETUP event_id=0 name=nil list_size=5
[20:37:45.328] f=130 map=4(frozen) interp_running=false list=nil menus_visible=false msg_showing=false winset_vis=false menu_vis=false item_vis=false ft_vis=false dev_vis=false player=24,11 moving=false move_route_forcing=false starting=[] common_event=0 transf=false transproc=false menu_disabled=false sw[1,9,11,15,40]=1:false,9:false,11:false,15:false,40:false
[20:37:45.329] INTERP_SETUP event_id=0 name=nil list_size=5
[20:37:45.345] f=131 map=4(frozen) interp_running=false list=nil menus_visible=false msg_showing=false winset_vis=false menu_vis=false item_vis=false ft_vis=false dev_vis=false player=24,11 moving=false move_route_forcing=false starting=[] common_event=0 transf=false transproc=false menu_disabled=false sw[1,9,11,15,40]=1:false,9:false,11:false,15:false,40:false
[20:37:45.346] INTERP_SETUP event_id=0 name=nil list_size=5
[20:37:45.361] f=132 map=4(frozen) interp_running=false list=nil menus_visible=false msg_showing=false winset_vis=false menu_vis=false item_vis=false ft_vis=false dev_vis=false player=24,11 moving=false move_route_forcing=false starting=[] common_event=0 transf=false transproc=false menu_disabled=false sw[1,9,11,15,40]=1:false,9:false,11:false,15:false,40:false
[20:37:45.362] INTERP_SETUP event_id=0 name=nil list_size=5
[20:37:45.378] f=133 map=4(frozen) interp_running=false list=nil menus_visible=false msg_showing=false winset_vis=false menu_vis=false item_vis=false ft_vis=false dev_vis=false player=24,11 moving=false move_route_forcing=false starting=[] common_event=0 transf=false transproc=false menu_disabled=false sw[1,9,11,15,40]=1:false,9:false,11:false,15:false,40:false
[20:37:45.379] INTERP_SETUP event_id=0 name=nil list_size=5
[20:37:45.395] f=134 map=4(frozen) interp_running=false list=nil menus_visible=false msg_showing=false winset_vis=false menu_vis=false item_vis=false ft_vis=false dev_vis=false player=24,11 moving=false move_route_forcing=false starting=[] common_event=0 transf=false transproc=false menu_disabled=false sw[1,9,11,15,40]=1:false,9:false,11:false,15:false,40:false
[20:37:45.396] INTERP_SETUP event_id=0 name=nil list_size=5
[20:37:45.412] f=135 map=4(frozen) interp_running=false list=nil menus_visible=false msg_showing=false winset_vis=false menu_vis=false item_vis=false ft_vis=false dev_vis=false player=24,11 moving=false move_route_forcing=false starting=[] common_event=0 transf=false transproc=false menu_disabled=false sw[1,9,11,15,40]=1:false,9:false,11:false,15:false,40:false
[20:37:45.412] INTERP_SETUP event_id=0 name=nil list_size=5
[20:37:45.428] f=136 map=4(frozen) interp_running=false list=nil menus_visible=false msg_showing=false winset_vis=false menu_vis=false item_vis=false ft_vis=false dev_vis=false player=24,11 moving=false move_route_forcing=false starting=[] common_event=0 transf=false transproc=false menu_disabled=false sw[1,9,11,15,40]=1:false,9:false,11:false,15:false,40:false
[20:37:45.429] INTERP_SETUP event_id=0 name=nil list_size=5
[20:37:45.445] f=137 map=4(frozen) interp_running=false list=nil menus_visible=false msg_showing=false winset_vis=false menu_vis=false item_vis=false ft_vis=false dev_vis=false player=24,11 moving=false move_route_forcing=false starting=[] common_event=0 transf=false transproc=false menu_disabled=false sw[1,9,11,15,40]=1:false,9:false,11:false,15:false,40:false
[20:37:45.446] INTERP_SETUP event_id=0 name=nil list_size=5
[20:37:45.462] f=138 map=4(frozen) interp_running=false list=nil menus_visible=false msg_showing=false winset_vis=false menu_vis=false item_vis=false ft_vis=false dev_vis=false player=24,11 moving=false move_route_forcing=false starting=[] common_event=0 transf=false transproc=false menu_disabled=false sw[1,9,11,15,40]=1:false,9:false,11:false,15:false,40:false
[20:37:45.463] INTERP_SETUP event_id=0 name=nil list_size=5
[20:37:45.478] f=139 map=4(frozen) interp_running=false list=nil menus_visible=false msg_showing=false winset_vis=false menu_vis=false item_vis=false ft_vis=false dev_vis=false player=24,11 moving=false move_route_forcing=false starting=[] common_event=0 transf=false transproc=false menu_disabled=false sw[1,9,11,15,40]=1:false,9:false,11:false,15:false,40:false
[20:37:45.479] INTERP_SETUP event_id=0 name=nil list_size=5
[20:37:45.495] f=140 map=4(frozen) interp_running=false list=nil menus_visible=false msg_showing=false winset_vis=false menu_vis=false item_vis=false ft_vis=false dev_vis=false player=24,11 moving=false move_route_forcing=false starting=[] common_event=0 transf=false transproc=false menu_disabled=false sw[1,9,11,15,40]=1:false,9:false,11:false,15:false,40:false
[20:37:45.496] INTERP_SETUP event_id=0 name=nil list_size=5
[20:37:45.511] f=141 map=4(frozen) interp_running=false list=nil menus_visible=false msg_showing=false winset_vis=false menu_vis=true item_vis=false ft_vis=false dev_vis=false player=24,11 moving=false move_route_forcing=false starting=[] common_event=0 transf=false transproc=false menu_disabled=false sw[1,9,11,15,40]=1:false,9:false,11:false,15:false,40:false
[20:37:45.512] INTERP_SETUP event_id=0 name=nil list_size=5
[20:37:45.528] f=142 map=4(frozen) interp_running=false list=nil menus_visible=true msg_showing=false winset_vis=false menu_vis=true item_vis=false ft_vis=false dev_vis=false player=24,11 moving=false move_route_forcing=false starting=[] common_event=0 transf=false transproc=false menu_disabled=false sw[1,9,11,15,40]=1:false,9:false,11:false,15:false,40:false
[20:37:45.529] INTERP_SETUP event_id=0 name=nil list_size=5
[20:37:45.545] f=143 map=4(frozen) interp_running=false list=nil menus_visible=true msg_showing=false winset_vis=false menu_vis=true item_vis=false ft_vis=false dev_vis=false player=24,11 moving=false move_route_forcing=false starting=[] common_event=0 transf=false transproc=false menu_disabled=false sw[1,9,11,15,40]=1:false,9:false,11:false,15:false,40:false
[20:37:45.546] INTERP_SETUP event_id=0 name=nil list_size=5
[20:37:45.561] f=144 map=4(frozen) interp_running=false list=nil menus_visible=true msg_showing=false winset_vis=false menu_vis=true item_vis=false ft_vis=false dev_vis=false player=24,11 moving=false move_route_forcing=false starting=[] common_event=0 transf=false transproc=false menu_disabled=false sw[1,9,11,15,40]=1:false,9:false,11:false,15:false,40:false
[20:37:45.562] INTERP_SETUP event_id=0 name=nil list_size=5
[20:37:45.578] f=145 map=4(frozen) interp_running=false list=nil menus_visible=true msg_showing=false winset_vis=false menu_vis=true item_vis=false ft_vis=false dev_vis=false player=24,11 moving=false move_route_forcing=false starting=[] common_event=0 transf=false transproc=false menu_disabled=false sw[1,9,11,15,40]=1:false,9:false,11:false,15:false,40:false
[20:37:45.579] INTERP_SETUP event_id=0 name=nil list_size=5
[20:37:45.595] f=146 map=4(frozen) interp_running=false list=nil menus_visible=true msg_showing=false winset_vis=false menu_vis=true item_vis=false ft_vis=false dev_vis=false player=24,11 moving=false move_route_forcing=false starting=[] common_event=0 transf=false transproc=false menu_disabled=false sw[1,9,11,15,40]=1:false,9:false,11:false,15:false,40:false
[20:37:45.595] INTERP_SETUP event_id=0 name=nil list_size=5
[20:37:45.611] f=147 map=4(frozen) interp_running=false list=nil menus_visible=true msg_showing=false winset_vis=false menu_vis=true item_vis=false ft_vis=false dev_vis=false player=24,11 moving=false move_route_forcing=false starting=[] common_event=0 transf=false transproc=false menu_disabled=false sw[1,9,11,15,40]=1:false,9:false,11:false,15:false,40:false
[20:37:45.612] INTERP_SETUP event_id=0 name=nil list_size=5
[20:37:45.628] f=148 map=4(frozen) interp_running=false list=nil menus_visible=true msg_showing=false winset_vis=false menu_vis=true item_vis=false ft_vis=false dev_vis=false player=24,11 moving=false move_route_forcing=false starting=[] common_event=0 transf=false transproc=false menu_disabled=false sw[1,9,11,15,40]=1:false,9:false,11:false,15:false,40:false
[20:37:45.629] INTERP_SETUP event_id=0 name=nil list_size=5
[20:37:45.645] f=149 map=4(frozen) interp_running=false list=nil menus_visible=true msg_showing=false winset_vis=false menu_vis=true item_vis=false ft_vis=false dev_vis=false player=24,11 moving=false move_route_forcing=false starting=[] common_event=0 transf=false transproc=false menu_disabled=false sw[1,9,11,15,40]=1:false,9:false,11:false,15:false,40:false
[20:37:45.645] INTERP_SETUP event_id=0 name=nil list_size=5
[20:37:45.661] f=150 map=4(frozen) interp_running=false list=nil menus_visible=true msg_showing=false winset_vis=false menu_vis=true item_vis=false ft_vis=false dev_vis=false player=24,11 moving=false move_route_forcing=false starting=[] common_event=0 transf=false transproc=false menu_disabled=false sw[1,9,11,15,40]=1:false,9:false,11:false,15:false,40:false
[20:37:45.662] INTERP_SETUP event_id=0 name=nil list_size=5
[20:37:45.678] f=151 map=4(frozen) interp_running=false list=nil menus_visible=true msg_showing=false winset_vis=false menu_vis=true item_vis=false ft_vis=false dev_vis=false player=24,11 moving=false move_route_forcing=false starting=[] common_event=0 transf=false transproc=false menu_disabled=false sw[1,9,11,15,40]=1:false,9:false,11:false,15:false,40:false
[20:37:45.679] INTERP_SETUP event_id=0 name=nil list_size=5
[20:37:45.695] f=152 map=4(frozen) interp_running=false list=nil menus_visible=true msg_showing=false winset_vis=false menu_vis=true item_vis=false ft_vis=false dev_vis=false player=24,11 moving=false move_route_forcing=false starting=[] common_event=0 transf=false transproc=false menu_disabled=false sw[1,9,11,15,40]=1:false,9:false,11:false,15:false,40:false
[20:37:45.696] INTERP_SETUP event_id=0 name=nil list_size=5
[20:37:45.711] f=153 map=4(frozen) interp_running=false list=nil menus_visible=true msg_showing=false winset_vis=false menu_vis=true item_vis=false ft_vis=false dev_vis=false player=24,11 moving=false move_route_forcing=false starting=[] common_event=0 transf=false transproc=false menu_disabled=false sw[1,9,11,15,40]=1:false,9:false,11:false,15:false,40:false
[20:37:45.712] INTERP_SETUP event_id=0 name=nil list_size=5
[20:37:45.728] f=154 map=4(frozen) interp_running=false list=nil menus_visible=true msg_showing=false winset_vis=false menu_vis=true item_vis=false ft_vis=false dev_vis=false player=24,11 moving=false move_route_forcing=false starting=[] common_event=0 transf=false transproc=false menu_disabled=false sw[1,9,11,15,40]=1:false,9:false,11:false,15:false,40:false
[20:37:45.729] INTERP_SETUP event_id=0 name=nil list_size=5
[20:37:45.745] f=155 map=4(frozen) interp_running=false list=nil menus_visible=true msg_showing=false winset_vis=false menu_vis=true item_vis=false ft_vis=false dev_vis=false player=24,11 moving=false move_route_forcing=false starting=[] common_event=0 transf=false transproc=false menu_disabled=false sw[1,9,11,15,40]=1:false,9:false,11:false,15:false,40:false
[20:37:45.746] INTERP_SETUP event_id=0 name=nil list_size=5
[20:37:45.761] f=156 map=4(frozen) interp_running=false list=nil menus_visible=true msg_showing=false winset_vis=false menu_vis=true item_vis=false ft_vis=false dev_vis=false player=24,11 moving=false move_route_forcing=false starting=[] common_event=0 transf=false transproc=false menu_disabled=false sw[1,9,11,15,40]=1:false,9:false,11:false,15:false,40:false
[20:37:45.762] INTERP_SETUP event_id=0 name=nil list_size=5
[20:37:45.778] f=157 map=4(frozen) interp_running=false list=nil menus_visible=true msg_showing=false winset_vis=false menu_vis=true item_vis=false ft_vis=false dev_vis=false player=24,11 moving=false move_route_forcing=false starting=[] common_event=0 transf=false transproc=false menu_disabled=false sw[1,9,11,15,40]=1:false,9:false,11:false,15:false,40:false
[20:37:45.779] INTERP_SETUP event_id=0 name=nil list_size=5
[20:37:45.795] f=158 map=4(frozen) interp_running=false list=nil menus_visible=true msg_showing=false winset_vis=false menu_vis=true item_vis=false ft_vis=false dev_vis=false player=24,11 moving=false move_route_forcing=false starting=[] common_event=0 transf=false transproc=false menu_disabled=false sw[1,9,11,15,40]=1:false,9:false,11:false,15:false,40:false
[20:37:45.795] INTERP_SETUP event_id=0 name=nil list_size=5
[20:37:45.811] f=159 map=4(frozen) interp_running=false list=nil menus_visible=true msg_showing=false winset_vis=false menu_vis=true item_vis=false ft_vis=false dev_vis=false player=24,11 moving=false move_route_forcing=false starting=[] common_event=0 transf=false transproc=false menu_disabled=false sw[1,9,11,15,40]=1:false,9:false,11:false,15:false,40:false
[20:37:45.812] INTERP_SETUP event_id=0 name=nil list_size=5
[20:37:45.828] f=160 map=4(frozen) interp_running=false list=nil menus_visible=true msg_showing=false winset_vis=false menu_vis=true item_vis=false ft_vis=false dev_vis=false player=24,11 moving=false move_route_forcing=false starting=[] common_event=0 transf=false transproc=false menu_disabled=false sw[1,9,11,15,40]=1:false,9:false,11:false,15:false,40:false
[20:37:45.829] INTERP_SETUP event_id=0 name=nil list_size=5
[20:37:45.845] f=161 map=4(frozen) interp_running=false list=nil menus_visible=true msg_showing=false winset_vis=false menu_vis=true item_vis=false ft_vis=false dev_vis=false player=24,11 moving=false move_route_forcing=false starting=[] common_event=0 transf=false transproc=false menu_disabled=false sw[1,9,11,15,40]=1:false,9:false,11:false,15:false,40:false
[20:37:45.845] INTERP_SETUP event_id=0 name=nil list_size=5
[20:37:45.862] f=162 map=4(frozen) interp_running=false list=nil menus_visible=true msg_showing=false winset_vis=false menu_vis=true item_vis=false ft_vis=false dev_vis=false player=24,11 moving=false move_route_forcing=false starting=[] common_event=0 transf=false transproc=false menu_disabled=false sw[1,9,11,15,40]=1:false,9:false,11:false,15:false,40:false
[20:37:45.863] INTERP_SETUP event_id=0 name=nil list_size=5
[20:37:45.878] f=163 map=4(frozen) interp_running=false list=nil menus_visible=true msg_showing=false winset_vis=false menu_vis=true item_vis=false ft_vis=false dev_vis=false player=24,11 moving=false move_route_forcing=false starting=[] common_event=0 transf=false transproc=false menu_disabled=false sw[1,9,11,15,40]=1:false,9:false,11:false,15:false,40:false
[20:37:45.879] INTERP_SETUP event_id=0 name=nil list_size=5
[20:37:45.895] f=164 map=4(frozen) interp_running=false list=nil menus_visible=true msg_showing=false winset_vis=false menu_vis=true item_vis=false ft_vis=false dev_vis=false player=24,11 moving=false move_route_forcing=false starting=[] common_event=0 transf=false transproc=false menu_disabled=false sw[1,9,11,15,40]=1:false,9:false,11:false,15:false,40:false
[20:37:45.896] INTERP_SETUP event_id=0 name=nil list_size=5
[20:37:45.911] f=165 map=4(frozen) interp_running=false list=nil menus_visible=true msg_showing=false winset_vis=false menu_vis=true item_vis=false ft_vis=false dev_vis=false player=24,11 moving=false move_route_forcing=false starting=[] common_event=0 transf=false transproc=false menu_disabled=false sw[1,9,11,15,40]=1:false,9:false,11:false,15:false,40:false
[20:37:45.912] INTERP_SETUP event_id=0 name=nil list_size=5
[20:37:45.928] f=166 map=4(frozen) interp_running=false list=nil menus_visible=true msg_showing=false winset_vis=false menu_vis=true item_vis=false ft_vis=false dev_vis=false player=24,11 moving=false move_route_forcing=false starting=[] common_event=0 transf=false transproc=false menu_disabled=false sw[1,9,11,15,40]=1:false,9:false,11:false,15:false,40:false
[20:37:45.929] INTERP_SETUP event_id=0 name=nil list_size=5
[20:37:45.945] f=167 map=4(frozen) interp_running=false list=nil menus_visible=true msg_showing=false winset_vis=false menu_vis=true item_vis=false ft_vis=false dev_vis=false player=24,11 moving=false move_route_forcing=false starting=[] common_event=0 transf=false transproc=false menu_disabled=false sw[1,9,11,15,40]=1:false,9:false,11:false,15:false,40:false
[20:37:45.946] INTERP_SETUP event_id=0 name=nil list_size=5
[20:37:45.961] f=168 map=4(frozen) interp_running=false list=nil menus_visible=true msg_showing=false winset_vis=false menu_vis=true item_vis=false ft_vis=false dev_vis=false player=24,11 moving=false move_route_forcing=false starting=[] common_event=0 transf=false transproc=false menu_disabled=false sw[1,9,11,15,40]=1:false,9:false,11:false,15:false,40:false
[20:37:45.962] INTERP_SETUP event_id=0 name=nil list_size=5
[20:37:45.978] f=169 map=4(frozen) interp_running=false list=nil menus_visible=true msg_showing=false winset_vis=false menu_vis=true item_vis=false ft_vis=false dev_vis=false player=24,11 moving=false move_route_forcing=false starting=[] common_event=0 transf=false transproc=false menu_disabled=false sw[1,9,11,15,40]=1:false,9:false,11:false,15:false,40:false
[20:37:45.980] INTERP_SETUP event_id=0 name=nil list_size=5
[20:37:45.995] f=170 map=4(frozen) interp_running=false list=nil menus_visible=true msg_showing=false winset_vis=false menu_vis=true item_vis=false ft_vis=false dev_vis=false player=24,11 moving=false move_route_forcing=false starting=[] common_event=0 transf=false transproc=false menu_disabled=false sw[1,9,11,15,40]=1:false,9:false,11:false,15:false,40:false
[20:37:45.995] INTERP_SETUP event_id=0 name=nil list_size=5
[20:37:46.011] f=171 map=4(frozen) interp_running=false list=nil menus_visible=true msg_showing=false winset_vis=false menu_vis=true item_vis=false ft_vis=false dev_vis=false player=24,11 moving=false move_route_forcing=false starting=[] common_event=0 transf=false transproc=false menu_disabled=false sw[1,9,11,15,40]=1:false,9:false,11:false,15:false,40:false
[20:37:46.012] INTERP_SETUP event_id=0 name=nil list_size=5
[20:37:46.028] f=172 map=4(frozen) interp_running=false list=nil menus_visible=true msg_showing=false winset_vis=false menu_vis=true item_vis=false ft_vis=false dev_vis=false player=24,11 moving=false move_route_forcing=false starting=[] common_event=0 transf=false transproc=false menu_disabled=false sw[1,9,11,15,40]=1:false,9:false,11:false,15:false,40:false
[20:37:46.030] INTERP_SETUP event_id=0 name=nil list_size=5
[20:37:46.045] f=173 map=4(frozen) interp_running=false list=nil menus_visible=true msg_showing=false winset_vis=false menu_vis=true item_vis=false ft_vis=false dev_vis=false player=24,11 moving=false move_route_forcing=false starting=[] common_event=0 transf=false transproc=false menu_disabled=false sw[1,9,11,15,40]=1:false,9:false,11:false,15:false,40:false
[20:37:46.046] INTERP_SETUP event_id=0 name=nil list_size=5
[20:37:46.062] f=174 map=4(frozen) interp_running=false list=nil menus_visible=true msg_showing=false winset_vis=false menu_vis=true item_vis=false ft_vis=false dev_vis=false player=24,11 moving=false move_route_forcing=false starting=[] common_event=0 transf=false transproc=false menu_disabled=false sw[1,9,11,15,40]=1:false,9:false,11:false,15:false,40:false
[20:37:46.063] INTERP_SETUP event_id=0 name=nil list_size=5
[20:37:46.078] f=175 map=4(frozen) interp_running=false list=nil menus_visible=true msg_showing=false winset_vis=false menu_vis=true item_vis=false ft_vis=false dev_vis=false player=24,11 moving=false move_route_forcing=false starting=[] common_event=0 transf=false transproc=false menu_disabled=false sw[1,9,11,15,40]=1:false,9:false,11:false,15:false,40:false
[20:37:46.079] INTERP_SETUP event_id=0 name=nil list_size=5
[20:37:46.095] f=176 map=4(frozen) interp_running=false list=nil menus_visible=true msg_showing=false winset_vis=false menu_vis=true item_vis=false ft_vis=false dev_vis=false player=24,11 moving=false move_route_forcing=false starting=[] common_event=0 transf=false transproc=false menu_disabled=false sw[1,9,11,15,40]=1:false,9:false,11:false,15:false,40:false
[20:37:46.096] INTERP_SETUP event_id=0 name=nil list_size=5
[20:37:46.111] f=177 map=4(frozen) interp_running=false list=nil menus_visible=true msg_showing=false winset_vis=false menu_vis=true item_vis=false ft_vis=false dev_vis=false player=24,11 moving=false move_route_forcing=false starting=[] common_event=0 transf=false transproc=false menu_disabled=false sw[1,9,11,15,40]=1:false,9:false,11:false,15:false,40:false
[20:37:46.112] INTERP_SETUP event_id=0 name=nil list_size=5
[20:37:46.128] f=178 map=4(frozen) interp_running=false list=nil menus_visible=true msg_showing=false winset_vis=false menu_vis=true item_vis=false ft_vis=false dev_vis=false player=24,11 moving=false move_route_forcing=false starting=[] common_event=0 transf=false transproc=false menu_disabled=false sw[1,9,11,15,40]=1:false,9:false,11:false,15:false,40:false
[20:37:46.129] INTERP_SETUP event_id=0 name=nil list_size=5
[20:37:46.145] f=179 map=4(frozen) interp_running=false list=nil menus_visible=true msg_showing=false winset_vis=false menu_vis=true item_vis=false ft_vis=false dev_vis=false player=24,11 moving=false move_route_forcing=false starting=[] common_event=0 transf=false transproc=false menu_disabled=false sw[1,9,11,15,40]=1:false,9:false,11:false,15:false,40:false
[20:37:46.146] INTERP_SETUP event_id=0 name=nil list_size=5
[20:37:46.162] f=180 map=4(frozen) interp_running=false list=nil menus_visible=true msg_showing=false winset_vis=false menu_vis=true item_vis=false ft_vis=false dev_vis=false player=24,11 moving=false move_route_forcing=false starting=[] common_event=0 transf=false transproc=false menu_disabled=false sw[1,9,11,15,40]=1:false,9:false,11:false,15:false,40:false
[20:37:46.163] INTERP_SETUP event_id=0 name=nil list_size=5
[20:37:46.178] f=181 map=4(frozen) interp_running=false list=nil menus_visible=true msg_showing=false winset_vis=false menu_vis=true item_vis=false ft_vis=false dev_vis=false player=24,11 moving=false move_route_forcing=false starting=[] common_event=0 transf=false transproc=false menu_disabled=false sw[1,9,11,15,40]=1:false,9:false,11:false,15:false,40:false
[20:37:46.179] INTERP_SETUP event_id=0 name=nil list_size=5
[20:37:46.195] f=182 map=4(frozen) interp_running=false list=nil menus_visible=true msg_showing=false winset_vis=false menu_vis=true item_vis=false ft_vis=false dev_vis=false player=24,11 moving=false move_route_forcing=false starting=[] common_event=0 transf=false transproc=false menu_disabled=false sw[1,9,11,15,40]=1:false,9:false,11:false,15:false,40:false
[20:37:46.196] INTERP_SETUP event_id=0 name=nil list_size=5
[20:37:46.211] f=183 map=4(frozen) interp_running=false list=nil menus_visible=true msg_showing=false winset_vis=false menu_vis=true item_vis=false ft_vis=false dev_vis=false player=24,11 moving=false move_route_forcing=false starting=[] common_event=0 transf=false transproc=false menu_disabled=false sw[1,9,11,15,40]=1:false,9:false,11:false,15:false,40:false
[20:37:46.212] INTERP_SETUP event_id=0 name=nil list_size=5
[20:37:46.228] f=184 map=4(frozen) interp_running=false list=nil menus_visible=true msg_showing=false winset_vis=false menu_vis=true item_vis=false ft_vis=false dev_vis=false player=24,11 moving=false move_route_forcing=false starting=[] common_event=0 transf=false transproc=false menu_disabled=false sw[1,9,11,15,40]=1:false,9:false,11:false,15:false,40:false
[20:37:46.229] INTERP_SETUP event_id=0 name=nil list_size=5
[20:37:46.245] f=185 map=4(frozen) interp_running=false list=nil menus_visible=true msg_showing=false winset_vis=false menu_vis=true item_vis=false ft_vis=false dev_vis=false player=24,11 moving=false move_route_forcing=false starting=[] common_event=0 transf=false transproc=false menu_disabled=false sw[1,9,11,15,40]=1:false,9:false,11:false,15:false,40:false
[20:37:46.246] INTERP_SETUP event_id=0 name=nil list_size=5
[20:37:46.262] f=186 map=4(frozen) interp_running=false list=nil menus_visible=true msg_showing=false winset_vis=false menu_vis=true item_vis=false ft_vis=false dev_vis=false player=24,11 moving=false move_route_forcing=false starting=[] common_event=0 transf=false transproc=false menu_disabled=false sw[1,9,11,15,40]=1:false,9:false,11:false,15:false,40:false
[20:37:46.263] INTERP_SETUP event_id=0 name=nil list_size=5
[20:37:46.278] f=187 map=4(frozen) interp_running=false list=nil menus_visible=true msg_showing=false winset_vis=false menu_vis=true item_vis=false ft_vis=false dev_vis=false player=24,11 moving=false move_route_forcing=false starting=[] common_event=0 transf=false transproc=false menu_disabled=false sw[1,9,11,15,40]=1:false,9:false,11:false,15:false,40:false
[20:37:46.279] INTERP_SETUP event_id=0 name=nil list_size=5
[20:37:46.295] f=188 map=4(frozen) interp_running=false list=nil menus_visible=true msg_showing=false winset_vis=false menu_vis=true item_vis=false ft_vis=false dev_vis=false player=24,11 moving=false move_route_forcing=false starting=[] common_event=0 transf=false transproc=false menu_disabled=false sw[1,9,11,15,40]=1:false,9:false,11:false,15:false,40:false
[20:37:46.296] INTERP_SETUP event_id=0 name=nil list_size=5
[20:37:46.311] f=189 map=4(frozen) interp_running=false list=nil menus_visible=true msg_showing=false winset_vis=false menu_vis=true item_vis=false ft_vis=false dev_vis=false player=24,11 moving=false move_route_forcing=false starting=[] common_event=0 transf=false transproc=false menu_disabled=false sw[1,9,11,15,40]=1:false,9:false,11:false,15:false,40:false
[20:37:46.312] INTERP_SETUP event_id=0 name=nil list_size=5
[20:37:46.332] f=190 map=4(frozen) interp_running=false list=nil menus_visible=true msg_showing=false winset_vis=false menu_vis=true item_vis=false ft_vis=false dev_vis=false player=24,11 moving=false move_route_forcing=false starting=[] common_event=0 transf=false transproc=false menu_disabled=false sw[1,9,11,15,40]=1:false,9:false,11:false,15:false,40:false
[20:37:46.332] INTERP_SETUP event_id=0 name=nil list_size=5
[20:37:46.345] f=191 map=4(frozen) interp_running=false list=nil menus_visible=true msg_showing=true winset_vis=false menu_vis=true item_vis=false ft_vis=false dev_vis=false player=24,11 moving=false move_route_forcing=false starting=[] common_event=0 transf=false transproc=false menu_disabled=false sw[1,9,11,15,40]=1:false,9:false,11:false,15:false,40:false
[20:37:46.345] INTERP_SETUP event_id=0 name=nil list_size=5
[20:37:46.361] f=192 map=4(frozen) interp_running=false list=nil menus_visible=true msg_showing=true winset_vis=false menu_vis=true item_vis=false ft_vis=false dev_vis=false player=24,11 moving=false move_route_forcing=false starting=[] common_event=0 transf=false transproc=false menu_disabled=false sw[1,9,11,15,40]=1:false,9:false,11:false,15:false,40:false
[20:37:46.362] INTERP_SETUP event_id=0 name=nil list_size=5
[20:37:46.378] f=193 map=4(frozen) interp_running=false list=nil menus_visible=true msg_showing=true winset_vis=false menu_vis=true item_vis=false ft_vis=false dev_vis=false player=24,11 moving=false move_route_forcing=false starting=[] common_event=0 transf=false transproc=false menu_disabled=false sw[1,9,11,15,40]=1:false,9:false,11:false,15:false,40:false
[20:37:46.379] INTERP_SETUP event_id=0 name=nil list_size=5
[20:37:46.395] f=194 map=4(frozen) interp_running=false list=nil menus_visible=true msg_showing=true winset_vis=false menu_vis=true item_vis=false ft_vis=false dev_vis=false player=24,11 moving=false move_route_forcing=false starting=[] common_event=0 transf=false transproc=false menu_disabled=false sw[1,9,11,15,40]=1:false,9:false,11:false,15:false,40:false
[20:37:46.396] INTERP_SETUP event_id=0 name=nil list_size=5
[20:37:46.411] f=195 map=4(frozen) interp_running=false list=nil menus_visible=true msg_showing=true winset_vis=false menu_vis=true item_vis=false ft_vis=false dev_vis=false player=24,11 moving=false move_route_forcing=false starting=[] common_event=0 transf=false transproc=false menu_disabled=false sw[1,9,11,15,40]=1:false,9:false,11:false,15:false,40:false
[20:37:46.412] INTERP_SETUP event_id=0 name=nil list_size=5
[20:37:46.428] f=196 map=4(frozen) interp_running=false list=nil menus_visible=true msg_showing=true winset_vis=false menu_vis=true item_vis=false ft_vis=false dev_vis=false player=24,11 moving=false move_route_forcing=false starting=[] common_event=0 transf=false transproc=false menu_disabled=false sw[1,9,11,15,40]=1:false,9:false,11:false,15:false,40:false
[20:37:46.429] INTERP_SETUP event_id=0 name=nil list_size=5
[20:37:46.445] f=197 map=4(frozen) interp_running=false list=nil menus_visible=true msg_showing=true winset_vis=false menu_vis=true item_vis=false ft_vis=false dev_vis=false player=24,11 moving=false move_route_forcing=false starting=[] common_event=0 transf=false transproc=false menu_disabled=false sw[1,9,11,15,40]=1:false,9:false,11:false,15:false,40:false
[20:37:46.446] INTERP_SETUP event_id=0 name=nil list_size=5
[20:37:46.461] f=198 map=4(frozen) interp_running=false list=nil menus_visible=true msg_showing=true winset_vis=false menu_vis=true item_vis=false ft_vis=false dev_vis=false player=24,11 moving=false move_route_forcing=false starting=[] common_event=0 transf=false transproc=false menu_disabled=false sw[1,9,11,15,40]=1:false,9:false,11:false,15:false,40:false
[20:37:46.462] INTERP_SETUP event_id=0 name=nil list_size=5
[20:37:46.478] f=199 map=4(frozen) interp_running=false list=nil menus_visible=true msg_showing=true winset_vis=false menu_vis=true item_vis=false ft_vis=false dev_vis=false player=24,11 moving=false move_route_forcing=false starting=[] common_event=0 transf=false transproc=false menu_disabled=false sw[1,9,11,15,40]=1:false,9:false,11:false,15:false,40:false
[20:37:46.479] INTERP_SETUP event_id=0 name=nil list_size=5
[20:37:46.495] f=200 map=4(frozen) interp_running=false list=nil menus_visible=true msg_showing=true winset_vis=false menu_vis=true item_vis=false ft_vis=false dev_vis=false player=24,11 moving=false move_route_forcing=false starting=[] common_event=0 transf=false transproc=false menu_disabled=false sw[1,9,11,15,40]=1:false,9:false,11:false,15:false,40:false
[20:37:46.496] INTERP_SETUP event_id=0 name=nil list_size=5
[20:37:46.511] f=201 map=4(frozen) interp_running=false list=nil menus_visible=true msg_showing=true winset_vis=false menu_vis=true item_vis=false ft_vis=false dev_vis=false player=24,11 moving=false move_route_forcing=false starting=[] common_event=0 transf=false transproc=false menu_disabled=false sw[1,9,11,15,40]=1:false,9:false,11:false,15:false,40:false
[20:37:46.512] INTERP_SETUP event_id=0 name=nil list_size=5
[20:37:46.528] f=202 map=4(frozen) interp_running=false list=nil menus_visible=true msg_showing=true winset_vis=false menu_vis=true item_vis=false ft_vis=false dev_vis=false player=24,11 moving=false move_route_forcing=false starting=[] common_event=0 transf=false transproc=false menu_disabled=false sw[1,9,11,15,40]=1:false,9:false,11:false,15:false,40:false
[20:37:46.529] INTERP_SETUP event_id=0 name=nil list_size=5
[20:37:46.545] f=203 map=4(frozen) interp_running=false list=nil menus_visible=true msg_showing=true winset_vis=false menu_vis=true item_vis=false ft_vis=false dev_vis=false player=24,11 moving=false move_route_forcing=false starting=[] common_event=0 transf=false transproc=false menu_disabled=false sw[1,9,11,15,40]=1:false,9:false,11:false,15:false,40:false
[20:37:46.545] INTERP_SETUP event_id=0 name=nil list_size=5
[20:37:46.561] f=204 map=4(frozen) interp_running=false list=nil menus_visible=true msg_showing=true winset_vis=false menu_vis=true item_vis=false ft_vis=false dev_vis=false player=24,11 moving=false move_route_forcing=false starting=[] common_event=0 transf=false transproc=false menu_disabled=false sw[1,9,11,15,40]=1:false,9:false,11:false,15:false,40:false
[20:37:46.562] INTERP_SETUP event_id=0 name=nil list_size=5
[20:37:46.578] f=205 map=4(frozen) interp_running=false list=nil menus_visible=true msg_showing=true winset_vis=false menu_vis=true item_vis=false ft_vis=false dev_vis=false player=24,11 moving=false move_route_forcing=false starting=[] common_event=0 transf=false transproc=false menu_disabled=false sw[1,9,11,15,40]=1:false,9:false,11:false,15:false,40:false
[20:37:46.579] INTERP_SETUP event_id=0 name=nil list_size=5
[20:37:46.595] f=206 map=4(frozen) interp_running=false list=nil menus_visible=true msg_showing=true winset_vis=false menu_vis=true item_vis=false ft_vis=false dev_vis=false player=24,11 moving=false move_route_forcing=false starting=[] common_event=0 transf=false transproc=false menu_disabled=false sw[1,9,11,15,40]=1:false,9:false,11:false,15:false,40:false
[20:37:46.595] INTERP_SETUP event_id=0 name=nil list_size=5
[20:37:46.611] f=207 map=4(frozen) interp_running=false list=nil menus_visible=true msg_showing=true winset_vis=false menu_vis=true item_vis=false ft_vis=false dev_vis=false player=24,11 moving=false move_route_forcing=false starting=[] common_event=0 transf=false transproc=false menu_disabled=false sw[1,9,11,15,40]=1:false,9:false,11:false,15:false,40:false
[20:37:46.612] INTERP_SETUP event_id=0 name=nil list_size=5
[20:37:46.628] f=208 map=4(frozen) interp_running=false list=nil menus_visible=true msg_showing=true winset_vis=false menu_vis=true item_vis=false ft_vis=false dev_vis=false player=24,11 moving=false move_route_forcing=false starting=[] common_event=0 transf=false transproc=false menu_disabled=false sw[1,9,11,15,40]=1:false,9:false,11:false,15:false,40:false
[20:37:46.629] INTERP_SETUP event_id=0 name=nil list_size=5
[20:37:46.645] f=209 map=4(frozen) interp_running=false list=nil menus_visible=true msg_showing=true winset_vis=false menu_vis=true item_vis=false ft_vis=false dev_vis=false player=24,11 moving=false move_route_forcing=false starting=[] common_event=0 transf=false transproc=false menu_disabled=false sw[1,9,11,15,40]=1:false,9:false,11:false,15:false,40:false
[20:37:46.646] INTERP_SETUP event_id=0 name=nil list_size=5
[20:37:46.661] f=210 map=4(frozen) interp_running=false list=nil menus_visible=true msg_showing=true winset_vis=false menu_vis=true item_vis=false ft_vis=false dev_vis=false player=24,11 moving=false move_route_forcing=false starting=[] common_event=0 transf=false transproc=false menu_disabled=false sw[1,9,11,15,40]=1:false,9:false,11:false,15:false,40:false
[20:37:46.662] INTERP_SETUP event_id=0 name=nil list_size=5
[20:37:46.678] f=211 map=4(frozen) interp_running=false list=nil menus_visible=true msg_showing=true winset_vis=false menu_vis=true item_vis=false ft_vis=false dev_vis=false player=24,11 moving=false move_route_forcing=false starting=[] common_event=0 transf=false transproc=false menu_disabled=false sw[1,9,11,15,40]=1:false,9:false,11:false,15:false,40:false
[20:37:46.679] INTERP_SETUP event_id=0 name=nil list_size=5
[20:37:46.695] f=212 map=4(frozen) interp_running=false list=nil menus_visible=true msg_showing=true winset_vis=false menu_vis=true item_vis=false ft_vis=false dev_vis=false player=24,11 moving=false move_route_forcing=false starting=[] common_event=0 transf=false transproc=false menu_disabled=false sw[1,9,11,15,40]=1:false,9:false,11:false,15:false,40:false
[20:37:46.696] INTERP_SETUP event_id=0 name=nil list_size=5
[20:37:46.711] f=213 map=4(frozen) interp_running=false list=nil menus_visible=true msg_showing=true winset_vis=false menu_vis=true item_vis=false ft_vis=false dev_vis=false player=24,11 moving=false move_route_forcing=false starting=[] common_event=0 transf=false transproc=false menu_disabled=false sw[1,9,11,15,40]=1:false,9:false,11:false,15:false,40:false
[20:37:46.712] INTERP_SETUP event_id=0 name=nil list_size=5
[20:37:46.728] f=214 map=4(frozen) interp_running=false list=nil menus_visible=true msg_showing=true winset_vis=false menu_vis=true item_vis=false ft_vis=false dev_vis=false player=24,11 moving=false move_route_forcing=false starting=[] common_event=0 transf=false transproc=false menu_disabled=false sw[1,9,11,15,40]=1:false,9:false,11:false,15:false,40:false
[20:37:46.729] INTERP_SETUP event_id=0 name=nil list_size=5
[20:37:46.745] f=215 map=4(frozen) interp_running=false list=nil menus_visible=true msg_showing=true winset_vis=false menu_vis=true item_vis=false ft_vis=false dev_vis=false player=24,11 moving=false move_route_forcing=false starting=[] common_event=0 transf=false transproc=false menu_disabled=false sw[1,9,11,15,40]=1:false,9:false,11:false,15:false,40:false
[20:37:46.746] INTERP_SETUP event_id=0 name=nil list_size=5
[20:37:46.761] f=216 map=4(frozen) interp_running=false list=nil menus_visible=true msg_showing=true winset_vis=false menu_vis=true item_vis=false ft_vis=false dev_vis=false player=24,11 moving=false move_route_forcing=false starting=[] common_event=0 transf=false transproc=false menu_disabled=false sw[1,9,11,15,40]=1:false,9:false,11:false,15:false,40:false
[20:37:46.762] INTERP_SETUP event_id=0 name=nil list_size=5
[20:37:46.778] f=217 map=4(frozen) interp_running=false list=nil menus_visible=true msg_showing=true winset_vis=false menu_vis=true item_vis=false ft_vis=false dev_vis=false player=24,11 moving=false move_route_forcing=false starting=[] common_event=0 transf=false transproc=false menu_disabled=false sw[1,9,11,15,40]=1:false,9:false,11:false,15:false,40:false
[20:37:46.779] INTERP_SETUP event_id=0 name=nil list_size=5
[20:37:46.795] f=218 map=4(frozen) interp_running=false list=nil menus_visible=true msg_showing=true winset_vis=false menu_vis=true item_vis=false ft_vis=false dev_vis=false player=24,11 moving=false move_route_forcing=false starting=[] common_event=0 transf=false transproc=false menu_disabled=false sw[1,9,11,15,40]=1:false,9:false,11:false,15:false,40:false
[20:37:46.796] INTERP_SETUP event_id=0 name=nil list_size=5
[20:37:46.812] f=219 map=4(frozen) interp_running=false list=nil menus_visible=true msg_showing=true winset_vis=false menu_vis=true item_vis=false ft_vis=false dev_vis=false player=24,11 moving=false move_route_forcing=false starting=[] common_event=0 transf=false transproc=false menu_disabled=false sw[1,9,11,15,40]=1:false,9:false,11:false,15:false,40:false
[20:37:46.812] INTERP_SETUP event_id=0 name=nil list_size=5
[20:37:46.828] f=220 map=4(frozen) interp_running=false list=nil menus_visible=true msg_showing=true winset_vis=false menu_vis=true item_vis=false ft_vis=false dev_vis=false player=24,11 moving=false move_route_forcing=false starting=[] common_event=0 transf=false transproc=false menu_disabled=false sw[1,9,11,15,40]=1:false,9:false,11:false,15:false,40:false
[20:37:46.829] INTERP_SETUP event_id=0 name=nil list_size=5
[20:37:46.845] f=221 map=4(frozen) interp_running=false list=nil menus_visible=true msg_showing=true winset_vis=false menu_vis=true item_vis=false ft_vis=false dev_vis=false player=24,11 moving=false move_route_forcing=false starting=[] common_event=0 transf=false transproc=false menu_disabled=false sw[1,9,11,15,40]=1:false,9:false,11:false,15:false,40:false
[20:37:46.846] INTERP_SETUP event_id=0 name=nil list_size=5
[20:37:46.861] f=222 map=4(frozen) interp_running=false list=nil menus_visible=true msg_showing=true winset_vis=false menu_vis=true item_vis=false ft_vis=false dev_vis=false player=24,11 moving=false move_route_forcing=false starting=[] common_event=0 transf=false transproc=false menu_disabled=false sw[1,9,11,15,40]=1:false,9:false,11:false,15:false,40:false
[20:37:46.862] INTERP_SETUP event_id=0 name=nil list_size=5
[20:37:46.878] f=223 map=4(frozen) interp_running=false list=nil menus_visible=true msg_showing=true winset_vis=false menu_vis=true item_vis=false ft_vis=false dev_vis=false player=24,11 moving=false move_route_forcing=false starting=[] common_event=0 transf=false transproc=false menu_disabled=false sw[1,9,11,15,40]=1:false,9:false,11:false,15:false,40:false
[20:37:46.879] INTERP_SETUP event_id=0 name=nil list_size=5
[20:37:46.895] f=224 map=4(frozen) interp_running=false list=nil menus_visible=true msg_showing=true winset_vis=false menu_vis=true item_vis=false ft_vis=false dev_vis=false player=24,11 moving=false move_route_forcing=false starting=[] common_event=0 transf=false transproc=false menu_disabled=false sw[1,9,11,15,40]=1:false,9:false,11:false,15:false,40:false
[20:37:46.896] INTERP_SETUP event_id=0 name=nil list_size=5
[20:37:46.911] f=225 map=4(frozen) interp_running=false list=nil menus_visible=true msg_showing=true winset_vis=false menu_vis=true item_vis=false ft_vis=false dev_vis=false player=24,11 moving=false move_route_forcing=false starting=[] common_event=0 transf=false transproc=false menu_disabled=false sw[1,9,11,15,40]=1:false,9:false,11:false,15:false,40:false
[20:37:46.912] INTERP_SETUP event_id=0 name=nil list_size=5
[20:37:46.928] f=226 map=4(frozen) interp_running=false list=nil menus_visible=true msg_showing=true winset_vis=false menu_vis=true item_vis=false ft_vis=false dev_vis=false player=24,11 moving=false move_route_forcing=false starting=[] common_event=0 transf=false transproc=false menu_disabled=false sw[1,9,11,15,40]=1:false,9:false,11:false,15:false,40:false
[20:37:46.929] INTERP_SETUP event_id=0 name=nil list_size=5
[20:37:46.945] f=227 map=4(frozen) interp_running=false list=nil menus_visible=true msg_showing=true winset_vis=false menu_vis=true item_vis=false ft_vis=false dev_vis=false player=24,11 moving=false move_route_forcing=false starting=[] common_event=0 transf=false transproc=false menu_disabled=false sw[1,9,11,15,40]=1:false,9:false,11:false,15:false,40:false
[20:37:46.946] INTERP_SETUP event_id=0 name=nil list_size=5
[20:37:46.962] f=228 map=4(frozen) interp_running=false list=nil menus_visible=true msg_showing=true winset_vis=false menu_vis=true item_vis=false ft_vis=false dev_vis=false player=24,11 moving=false move_route_forcing=false starting=[] common_event=0 transf=false transproc=false menu_disabled=false sw[1,9,11,15,40]=1:false,9:false,11:false,15:false,40:false
[20:37:46.962] INTERP_SETUP event_id=0 name=nil list_size=5
[20:37:46.978] f=229 map=4(frozen) interp_running=false list=nil menus_visible=true msg_showing=true winset_vis=false menu_vis=true item_vis=false ft_vis=false dev_vis=false player=24,11 moving=false move_route_forcing=false starting=[] common_event=0 transf=false transproc=false menu_disabled=false sw[1,9,11,15,40]=1:false,9:false,11:false,15:false,40:false
[20:37:46.979] INTERP_SETUP event_id=0 name=nil list_size=5
[20:37:46.995] f=230 map=4(frozen) interp_running=false list=nil menus_visible=true msg_showing=true winset_vis=false menu_vis=true item_vis=false ft_vis=false dev_vis=false player=24,11 moving=false move_route_forcing=false starting=[] common_event=0 transf=false transproc=false menu_disabled=false sw[1,9,11,15,40]=1:false,9:false,11:false,15:false,40:false
[20:37:46.996] INTERP_SETUP event_id=0 name=nil list_size=5
[20:37:47.011] f=231 map=4(frozen) interp_running=false list=nil menus_visible=true msg_showing=true winset_vis=false menu_vis=true item_vis=false ft_vis=false dev_vis=false player=24,11 moving=false move_route_forcing=false starting=[] common_event=0 transf=false transproc=false menu_disabled=false sw[1,9,11,15,40]=1:false,9:false,11:false,15:false,40:false
[20:37:47.012] INTERP_SETUP event_id=0 name=nil list_size=5
[20:37:47.028] f=232 map=4(frozen) interp_running=false list=nil menus_visible=true msg_showing=true winset_vis=false menu_vis=true item_vis=false ft_vis=false dev_vis=false player=24,11 moving=false move_route_forcing=false starting=[] common_event=0 transf=false transproc=false menu_disabled=false sw[1,9,11,15,40]=1:false,9:false,11:false,15:false,40:false
[20:37:47.028] INTERP_SETUP event_id=0 name=nil list_size=5
[20:37:47.045] f=233 map=4(frozen) interp_running=false list=nil menus_visible=true msg_showing=true winset_vis=false menu_vis=true item_vis=false ft_vis=false dev_vis=false player=24,11 moving=false move_route_forcing=false starting=[] common_event=0 transf=false transproc=false menu_disabled=false sw[1,9,11,15,40]=1:false,9:false,11:false,15:false,40:false
[20:37:47.046] INTERP_SETUP event_id=0 name=nil list_size=5
[20:37:47.063] f=234 map=4(frozen) interp_running=false list=nil menus_visible=true msg_showing=false winset_vis=false menu_vis=true item_vis=false ft_vis=false dev_vis=false player=24,11 moving=false move_route_forcing=false starting=[] common_event=0 transf=false transproc=false menu_disabled=false sw[1,9,11,15,40]=1:false,9:false,11:false,15:false,40:false
[20:37:47.064] INTERP_SETUP event_id=0 name=nil list_size=5
[20:37:47.078] f=235 map=4(frozen) interp_running=false list=nil menus_visible=true msg_showing=false winset_vis=false menu_vis=true item_vis=false ft_vis=false dev_vis=false player=24,11 moving=false move_route_forcing=false starting=[] common_event=0 transf=false transproc=false menu_disabled=false sw[1,9,11,15,40]=1:false,9:false,11:false,15:false,40:false
[20:37:47.079] INTERP_SETUP event_id=0 name=nil list_size=5
[20:37:47.095] f=236 map=4(frozen) interp_running=false list=nil menus_visible=true msg_showing=false winset_vis=false menu_vis=true item_vis=false ft_vis=false dev_vis=false player=24,11 moving=false move_route_forcing=false starting=[] common_event=0 transf=false transproc=false menu_disabled=false sw[1,9,11,15,40]=1:false,9:false,11:false,15:false,40:false
[20:37:47.096] INTERP_SETUP event_id=0 name=nil list_size=5
[20:37:47.111] f=237 map=4(frozen) interp_running=false list=nil menus_visible=true msg_showing=false winset_vis=false menu_vis=true item_vis=false ft_vis=false dev_vis=false player=24,11 moving=false move_route_forcing=false starting=[] common_event=0 transf=false transproc=false menu_disabled=false sw[1,9,11,15,40]=1:false,9:false,11:false,15:false,40:false
[20:37:47.112] INTERP_SETUP event_id=0 name=nil list_size=5
[20:37:47.128] f=238 map=4(frozen) interp_running=false list=nil menus_visible=true msg_showing=false winset_vis=false menu_vis=true item_vis=false ft_vis=false dev_vis=false player=24,11 moving=false move_route_forcing=false starting=[] common_event=0 transf=false transproc=false menu_disabled=false sw[1,9,11,15,40]=1:false,9:false,11:false,15:false,40:false
[20:37:47.129] INTERP_SETUP event_id=0 name=nil list_size=5
[20:37:47.145] f=239 map=4(frozen) interp_running=false list=nil menus_visible=true msg_showing=false winset_vis=false menu_vis=true item_vis=false ft_vis=false dev_vis=false player=24,11 moving=false move_route_forcing=false starting=[] common_event=0 transf=false transproc=false menu_disabled=false sw[1,9,11,15,40]=1:false,9:false,11:false,15:false,40:false
[20:37:47.145] INTERP_SETUP event_id=0 name=nil list_size=5
[20:37:47.161] f=240 map=4(frozen) interp_running=false list=nil menus_visible=true msg_showing=false winset_vis=false menu_vis=true item_vis=false ft_vis=false dev_vis=false player=24,11 moving=false move_route_forcing=false starting=[] common_event=0 transf=false transproc=false menu_disabled=false sw[1,9,11,15,40]=1:false,9:false,11:false,15:false,40:false
[20:37:47.162] INTERP_SETUP event_id=0 name=nil list_size=5
[20:37:47.178] f=241 map=4(frozen) interp_running=false list=nil menus_visible=true msg_showing=false winset_vis=false menu_vis=true item_vis=false ft_vis=false dev_vis=false player=24,11 moving=false move_route_forcing=false starting=[] common_event=0 transf=false transproc=false menu_disabled=false sw[1,9,11,15,40]=1:false,9:false,11:false,15:false,40:false
[20:37:47.179] INTERP_SETUP event_id=0 name=nil list_size=5
[20:37:47.195] f=242 map=4(frozen) interp_running=false list=nil menus_visible=true msg_showing=false winset_vis=false menu_vis=true item_vis=false ft_vis=false dev_vis=false player=24,11 moving=false move_route_forcing=false starting=[] common_event=0 transf=false transproc=false menu_disabled=false sw[1,9,11,15,40]=1:false,9:false,11:false,15:false,40:false
[20:37:47.196] INTERP_SETUP event_id=0 name=nil list_size=5
[20:37:47.211] f=243 map=4(frozen) interp_running=false list=nil menus_visible=true msg_showing=false winset_vis=false menu_vis=true item_vis=false ft_vis=false dev_vis=false player=24,11 moving=false move_route_forcing=false starting=[] common_event=0 transf=false transproc=false menu_disabled=false sw[1,9,11,15,40]=1:false,9:false,11:false,15:false,40:false
[20:37:47.212] INTERP_SETUP event_id=0 name=nil list_size=5
[20:37:47.228] f=244 map=4(frozen) interp_running=false list=nil menus_visible=true msg_showing=false winset_vis=false menu_vis=true item_vis=false ft_vis=false dev_vis=false player=24,11 moving=false move_route_forcing=false starting=[] common_event=0 transf=false transproc=false menu_disabled=false sw[1,9,11,15,40]=1:false,9:false,11:false,15:false,40:false
[20:37:47.228] INTERP_SETUP event_id=0 name=nil list_size=5
[20:37:47.245] f=245 map=4(frozen) interp_running=false list=nil menus_visible=true msg_showing=false winset_vis=false menu_vis=true item_vis=false ft_vis=false dev_vis=false player=24,11 moving=false move_route_forcing=false starting=[] common_event=0 transf=false transproc=false menu_disabled=false sw[1,9,11,15,40]=1:false,9:false,11:false,15:false,40:false
[20:37:47.246] INTERP_SETUP event_id=0 name=nil list_size=5
[20:37:47.262] f=246 map=4(frozen) interp_running=false list=nil menus_visible=true msg_showing=false winset_vis=false menu_vis=true item_vis=false ft_vis=false dev_vis=false player=24,11 moving=false move_route_forcing=false starting=[] common_event=0 transf=false transproc=false menu_disabled=false sw[1,9,11,15,40]=1:false,9:false,11:false,15:false,40:false
[20:37:47.263] INTERP_SETUP event_id=0 name=nil list_size=5
[20:37:47.278] f=247 map=4(frozen) interp_running=false list=nil menus_visible=true msg_showing=false winset_vis=false menu_vis=true item_vis=false ft_vis=false dev_vis=false player=24,11 moving=false move_route_forcing=false starting=[] common_event=0 transf=false transproc=false menu_disabled=false sw[1,9,11,15,40]=1:false,9:false,11:false,15:false,40:false
[20:37:47.279] INTERP_SETUP event_id=0 name=nil list_size=5
[20:37:47.295] f=248 map=4(frozen) interp_running=false list=nil menus_visible=true msg_showing=false winset_vis=false menu_vis=true item_vis=false ft_vis=false dev_vis=false player=24,11 moving=false move_route_forcing=false starting=[] common_event=0 transf=false transproc=false menu_disabled=false sw[1,9,11,15,40]=1:false,9:false,11:false,15:false,40:false
[20:37:47.296] INTERP_SETUP event_id=0 name=nil list_size=5
[20:37:47.311] f=249 map=4(frozen) interp_running=false list=nil menus_visible=true msg_showing=false winset_vis=false menu_vis=true item_vis=false ft_vis=false dev_vis=false player=24,11 moving=false move_route_forcing=false starting=[] common_event=0 transf=false transproc=false menu_disabled=false sw[1,9,11,15,40]=1:false,9:false,11:false,15:false,40:false
[20:37:47.312] INTERP_SETUP event_id=0 name=nil list_size=5
[20:37:47.328] f=250 map=4(frozen) interp_running=false list=nil menus_visible=true msg_showing=false winset_vis=false menu_vis=true item_vis=false ft_vis=false dev_vis=false player=24,11 moving=false move_route_forcing=false starting=[] common_event=0 transf=false transproc=false menu_disabled=false sw[1,9,11,15,40]=1:false,9:false,11:false,15:false,40:false
[20:37:47.329] INTERP_SETUP event_id=0 name=nil list_size=5
[20:37:47.345] f=251 map=4(frozen) interp_running=false list=nil menus_visible=true msg_showing=false winset_vis=false menu_vis=true item_vis=false ft_vis=false dev_vis=false player=24,11 moving=false move_route_forcing=false starting=[] common_event=0 transf=false transproc=false menu_disabled=false sw[1,9,11,15,40]=1:false,9:false,11:false,15:false,40:false
[20:37:47.346] INTERP_SETUP event_id=0 name=nil list_size=5
[20:37:47.361] f=252 map=4(frozen) interp_running=false list=nil menus_visible=true msg_showing=false winset_vis=false menu_vis=true item_vis=false ft_vis=false dev_vis=false player=24,11 moving=false move_route_forcing=false starting=[] common_event=0 transf=false transproc=false menu_disabled=false sw[1,9,11,15,40]=1:false,9:false,11:false,15:false,40:false
[20:37:47.362] INTERP_SETUP event_id=0 name=nil list_size=5
[20:37:47.378] f=253 map=4(frozen) interp_running=false list=nil menus_visible=true msg_showing=false winset_vis=false menu_vis=true item_vis=false ft_vis=false dev_vis=false player=24,11 moving=false move_route_forcing=false starting=[] common_event=0 transf=false transproc=false menu_disabled=false sw[1,9,11,15,40]=1:false,9:false,11:false,15:false,40:false
[20:37:47.379] INTERP_SETUP event_id=0 name=nil list_size=5
[20:37:47.395] f=254 map=4(frozen) interp_running=false list=nil menus_visible=true msg_showing=false winset_vis=false menu_vis=true item_vis=false ft_vis=false dev_vis=false player=24,11 moving=false move_route_forcing=false starting=[] common_event=0 transf=false transproc=false menu_disabled=false sw[1,9,11,15,40]=1:false,9:false,11:false,15:false,40:false
[20:37:47.395] INTERP_SETUP event_id=0 name=nil list_size=5
[20:37:47.411] f=255 map=4(frozen) interp_running=false list=nil menus_visible=true msg_showing=false winset_vis=false menu_vis=true item_vis=false ft_vis=false dev_vis=false player=24,11 moving=false move_route_forcing=false starting=[] common_event=0 transf=false transproc=false menu_disabled=false sw[1,9,11,15,40]=1:false,9:false,11:false,15:false,40:false
[20:37:47.412] INTERP_SETUP event_id=0 name=nil list_size=5
[20:37:47.428] f=256 map=4(frozen) interp_running=false list=nil menus_visible=true msg_showing=false winset_vis=false menu_vis=true item_vis=false ft_vis=false dev_vis=false player=24,11 moving=false move_route_forcing=false starting=[] common_event=0 transf=false transproc=false menu_disabled=false sw[1,9,11,15,40]=1:false,9:false,11:false,15:false,40:false
[20:37:47.429] INTERP_SETUP event_id=0 name=nil list_size=5
[20:37:47.446] f=257 map=4(frozen) interp_running=false list=nil menus_visible=true msg_showing=false winset_vis=false menu_vis=true item_vis=false ft_vis=false dev_vis=false player=24,11 moving=false move_route_forcing=false starting=[] common_event=0 transf=false transproc=false menu_disabled=false sw[1,9,11,15,40]=1:false,9:false,11:false,15:false,40:false
[20:37:47.447] INTERP_SETUP event_id=0 name=nil list_size=5
[20:37:47.461] f=258 map=4(frozen) interp_running=false list=nil menus_visible=true msg_showing=false winset_vis=false menu_vis=true item_vis=false ft_vis=false dev_vis=false player=24,11 moving=false move_route_forcing=false starting=[] common_event=0 transf=false transproc=false menu_disabled=false sw[1,9,11,15,40]=1:false,9:false,11:false,15:false,40:false
[20:37:47.462] INTERP_SETUP event_id=0 name=nil list_size=5
[20:37:47.479] f=259 map=4(frozen) interp_running=false list=nil menus_visible=true msg_showing=false winset_vis=true menu_vis=true item_vis=false ft_vis=false dev_vis=false player=24,11 moving=false move_route_forcing=false starting=[] common_event=0 transf=false transproc=false menu_disabled=false sw[1,9,11,15,40]=1:false,9:false,11:false,15:false,40:false
[20:37:47.480] INTERP_SETUP event_id=0 name=nil list_size=5
[20:37:47.495] f=260 map=4(frozen) interp_running=false list=nil menus_visible=true msg_showing=false winset_vis=true menu_vis=true item_vis=false ft_vis=false dev_vis=false player=24,11 moving=false move_route_forcing=false starting=[] common_event=0 transf=false transproc=false menu_disabled=false sw[1,9,11,15,40]=1:false,9:false,11:false,15:false,40:false
[20:37:47.496] INTERP_SETUP event_id=0 name=nil list_size=5
[20:37:47.511] f=261 map=4(frozen) interp_running=false list=nil menus_visible=true msg_showing=false winset_vis=true menu_vis=true item_vis=false ft_vis=false dev_vis=false player=24,11 moving=false move_route_forcing=false starting=[] common_event=0 transf=false transproc=false menu_disabled=false sw[1,9,11,15,40]=1:false,9:false,11:false,15:false,40:false
[20:37:47.512] INTERP_SETUP event_id=0 name=nil list_size=5
[20:37:47.528] f=262 map=4(frozen) interp_running=false list=nil menus_visible=true msg_showing=false winset_vis=true menu_vis=true item_vis=false ft_vis=false dev_vis=false player=24,11 moving=false move_route_forcing=false starting=[] common_event=0 transf=false transproc=false menu_disabled=false sw[1,9,11,15,40]=1:false,9:false,11:false,15:false,40:false
[20:37:47.529] INTERP_SETUP event_id=0 name=nil list_size=5
[20:37:47.545] f=263 map=4(frozen) interp_running=false list=nil menus_visible=true msg_showing=false winset_vis=true menu_vis=true item_vis=false ft_vis=false dev_vis=false player=24,11 moving=false move_route_forcing=false starting=[] common_event=0 transf=false transproc=false menu_disabled=false sw[1,9,11,15,40]=1:false,9:false,11:false,15:false,40:false
[20:37:47.546] INTERP_SETUP event_id=0 name=nil list_size=5
[20:37:47.561] f=264 map=4(frozen) interp_running=false list=nil menus_visible=true msg_showing=false winset_vis=true menu_vis=true item_vis=false ft_vis=false dev_vis=false player=24,11 moving=false move_route_forcing=false starting=[] common_event=0 transf=false transproc=false menu_disabled=false sw[1,9,11,15,40]=1:false,9:false,11:false,15:false,40:false
[20:37:47.562] INTERP_SETUP event_id=0 name=nil list_size=5
[20:37:47.578] f=265 map=4(frozen) interp_running=false list=nil menus_visible=true msg_showing=false winset_vis=true menu_vis=false item_vis=false ft_vis=false dev_vis=false player=24,11 moving=false move_route_forcing=false starting=[] common_event=0 transf=false transproc=false menu_disabled=false sw[1,9,11,15,40]=1:false,9:false,11:false,15:false,40:false
[20:37:47.579] INTERP_SETUP event_id=0 name=nil list_size=5
[20:37:47.595] f=266 map=4(frozen) interp_running=false list=nil menus_visible=true msg_showing=false winset_vis=true menu_vis=false item_vis=false ft_vis=false dev_vis=false player=24,11 moving=false move_route_forcing=false starting=[] common_event=0 transf=false transproc=false menu_disabled=false sw[1,9,11,15,40]=1:false,9:false,11:false,15:false,40:false
[20:37:47.596] INTERP_SETUP event_id=0 name=nil list_size=5
[20:37:47.611] f=267 map=4(frozen) interp_running=false list=nil menus_visible=true msg_showing=false winset_vis=true menu_vis=false item_vis=false ft_vis=false dev_vis=false player=24,11 moving=false move_route_forcing=false starting=[] common_event=0 transf=false transproc=false menu_disabled=false sw[1,9,11,15,40]=1:false,9:false,11:false,15:false,40:false
[20:37:47.612] INTERP_SETUP event_id=0 name=nil list_size=5
[20:37:47.628] f=268 map=4(frozen) interp_running=false list=nil menus_visible=true msg_showing=false winset_vis=true menu_vis=false item_vis=false ft_vis=false dev_vis=false player=24,11 moving=false move_route_forcing=false starting=[] common_event=0 transf=false transproc=false menu_disabled=false sw[1,9,11,15,40]=1:false,9:false,11:false,15:false,40:false
[20:37:47.631] INTERP_SETUP event_id=0 name=nil list_size=5
[20:37:47.645] f=269 map=4(frozen) interp_running=false list=nil menus_visible=true msg_showing=false winset_vis=true menu_vis=false item_vis=false ft_vis=false dev_vis=false player=24,11 moving=false move_route_forcing=false starting=[] common_event=0 transf=false transproc=false menu_disabled=false sw[1,9,11,15,40]=1:false,9:false,11:false,15:false,40:false
[20:37:47.646] INTERP_SETUP event_id=0 name=nil list_size=5
[20:37:47.661] f=270 map=4(frozen) interp_running=false list=nil menus_visible=true msg_showing=false winset_vis=true menu_vis=false item_vis=false ft_vis=false dev_vis=false player=24,11 moving=false move_route_forcing=false starting=[] common_event=0 transf=false transproc=false menu_disabled=false sw[1,9,11,15,40]=1:false,9:false,11:false,15:false,40:false
[20:37:47.662] INTERP_SETUP event_id=0 name=nil list_size=5
[20:37:47.678] f=271 map=4(frozen) interp_running=false list=nil menus_visible=true msg_showing=false winset_vis=true menu_vis=false item_vis=false ft_vis=false dev_vis=false player=24,11 moving=false move_route_forcing=false starting=[] common_event=0 transf=false transproc=false menu_disabled=false sw[1,9,11,15,40]=1:false,9:false,11:false,15:false,40:false
[20:37:47.679] INTERP_SETUP event_id=0 name=nil list_size=5
[20:37:47.695] f=272 map=4(frozen) interp_running=false list=nil menus_visible=true msg_showing=false winset_vis=true menu_vis=false item_vis=false ft_vis=false dev_vis=false player=24,11 moving=false move_route_forcing=false starting=[] common_event=0 transf=false transproc=false menu_disabled=false sw[1,9,11,15,40]=1:false,9:false,11:false,15:false,40:false
[20:37:47.696] INTERP_SETUP event_id=0 name=nil list_size=5
[20:37:47.711] f=273 map=4(frozen) interp_running=false list=nil menus_visible=true msg_showing=false winset_vis=true menu_vis=false item_vis=false ft_vis=false dev_vis=false player=24,11 moving=false move_route_forcing=false starting=[] common_event=0 transf=false transproc=false menu_disabled=false sw[1,9,11,15,40]=1:false,9:false,11:false,15:false,40:false
[20:37:47.712] INTERP_SETUP event_id=0 name=nil list_size=5
[20:37:47.728] f=274 map=4(frozen) interp_running=false list=nil menus_visible=true msg_showing=false winset_vis=true menu_vis=false item_vis=false ft_vis=false dev_vis=false player=24,11 moving=false move_route_forcing=false starting=[] common_event=0 transf=false transproc=false menu_disabled=false sw[1,9,11,15,40]=1:false,9:false,11:false,15:false,40:false
[20:37:47.729] INTERP_SETUP event_id=0 name=nil list_size=5
[20:37:47.745] f=275 map=4(frozen) interp_running=false list=nil menus_visible=true msg_showing=false winset_vis=true menu_vis=false item_vis=false ft_vis=false dev_vis=false player=24,11 moving=false move_route_forcing=false starting=[] common_event=0 transf=false transproc=false menu_disabled=false sw[1,9,11,15,40]=1:false,9:false,11:false,15:false,40:false
[20:37:47.745] INTERP_SETUP event_id=0 name=nil list_size=5
[20:37:47.761] f=276 map=4(frozen) interp_running=false list=nil menus_visible=true msg_showing=false winset_vis=true menu_vis=false item_vis=false ft_vis=false dev_vis=false player=24,11 moving=false move_route_forcing=false starting=[] common_event=0 transf=false transproc=false menu_disabled=false sw[1,9,11,15,40]=1:false,9:false,11:false,15:false,40:false
[20:37:47.762] INTERP_SETUP event_id=0 name=nil list_size=5
[20:37:47.778] f=277 map=4(frozen) interp_running=false list=nil menus_visible=true msg_showing=false winset_vis=true menu_vis=false item_vis=false ft_vis=false dev_vis=false player=24,11 moving=false move_route_forcing=false starting=[] common_event=0 transf=false transproc=false menu_disabled=false sw[1,9,11,15,40]=1:false,9:false,11:false,15:false,40:false
[20:37:47.779] INTERP_SETUP event_id=0 name=nil list_size=5
[20:37:47.795] f=278 map=4(frozen) interp_running=false list=nil menus_visible=true msg_showing=false winset_vis=true menu_vis=false item_vis=false ft_vis=false dev_vis=false player=24,11 moving=false move_route_forcing=false starting=[] common_event=0 transf=false transproc=false menu_disabled=false sw[1,9,11,15,40]=1:false,9:false,11:false,15:false,40:false
[20:37:47.796] INTERP_SETUP event_id=0 name=nil list_size=5
[20:37:47.811] f=279 map=4(frozen) interp_running=false list=nil menus_visible=true msg_showing=false winset_vis=true menu_vis=false item_vis=false ft_vis=false dev_vis=false player=24,11 moving=false move_route_forcing=false starting=[] common_event=0 transf=false transproc=false menu_disabled=false sw[1,9,11,15,40]=1:false,9:false,11:false,15:false,40:false
[20:37:47.812] INTERP_SETUP event_id=0 name=nil list_size=5
[20:37:47.828] f=280 map=4(frozen) interp_running=false list=nil menus_visible=true msg_showing=false winset_vis=true menu_vis=false item_vis=false ft_vis=false dev_vis=false player=24,11 moving=false move_route_forcing=false starting=[] common_event=0 transf=false transproc=false menu_disabled=false sw[1,9,11,15,40]=1:false,9:false,11:false,15:false,40:false
[20:37:47.829] INTERP_SETUP event_id=0 name=nil list_size=5
[20:37:47.844] f=281 map=4(frozen) interp_running=false list=nil menus_visible=true msg_showing=false winset_vis=true menu_vis=false item_vis=false ft_vis=false dev_vis=false player=24,11 moving=false move_route_forcing=false starting=[] common_event=0 transf=false transproc=false menu_disabled=false sw[1,9,11,15,40]=1:false,9:false,11:false,15:false,40:false
[20:37:47.845] INTERP_SETUP event_id=0 name=nil list_size=5
[20:37:47.861] f=282 map=4(frozen) interp_running=false list=nil menus_visible=true msg_showing=false winset_vis=true menu_vis=false item_vis=false ft_vis=false dev_vis=false player=24,11 moving=false move_route_forcing=false starting=[] common_event=0 transf=false transproc=false menu_disabled=false sw[1,9,11,15,40]=1:false,9:false,11:false,15:false,40:false
[20:37:47.862] INTERP_SETUP event_id=0 name=nil list_size=5
[20:37:47.878] f=283 map=4(frozen) interp_running=false list=nil menus_visible=true msg_showing=false winset_vis=true menu_vis=false item_vis=false ft_vis=false dev_vis=false player=24,11 moving=false move_route_forcing=false starting=[] common_event=0 transf=false transproc=false menu_disabled=false sw[1,9,11,15,40]=1:false,9:false,11:false,15:false,40:false
[20:37:47.879] INTERP_SETUP event_id=0 name=nil list_size=5
[20:37:47.895] f=284 map=4(frozen) interp_running=false list=nil menus_visible=true msg_showing=false winset_vis=true menu_vis=false item_vis=false ft_vis=false dev_vis=false player=24,11 moving=false move_route_forcing=false starting=[] common_event=0 transf=false transproc=false menu_disabled=false sw[1,9,11,15,40]=1:false,9:false,11:false,15:false,40:false
[20:37:47.896] INTERP_SETUP event_id=0 name=nil list_size=5
[20:37:47.911] f=285 map=4(frozen) interp_running=false list=nil menus_visible=true msg_showing=false winset_vis=true menu_vis=false item_vis=false ft_vis=false dev_vis=false player=24,11 moving=false move_route_forcing=false starting=[] common_event=0 transf=false transproc=false menu_disabled=false sw[1,9,11,15,40]=1:false,9:false,11:false,15:false,40:false
[20:37:47.912] INTERP_SETUP event_id=0 name=nil list_size=5
[20:37:47.929] f=286 map=4(frozen) interp_running=false list=nil menus_visible=true msg_showing=false winset_vis=true menu_vis=false item_vis=false ft_vis=false dev_vis=false player=24,11 moving=false move_route_forcing=false starting=[] common_event=0 transf=false transproc=false menu_disabled=false sw[1,9,11,15,40]=1:false,9:false,11:false,15:false,40:false
[20:37:47.930] INTERP_SETUP event_id=0 name=nil list_size=5
[20:37:47.944] f=287 map=4(frozen) interp_running=false list=nil menus_visible=true msg_showing=false winset_vis=true menu_vis=false item_vis=false ft_vis=false dev_vis=false player=24,11 moving=false move_route_forcing=false starting=[] common_event=0 transf=false transproc=false menu_disabled=false sw[1,9,11,15,40]=1:false,9:false,11:false,15:false,40:false
[20:37:47.945] INTERP_SETUP event_id=0 name=nil list_size=5
[20:37:47.961] f=288 map=4(frozen) interp_running=false list=nil menus_visible=true msg_showing=false winset_vis=true menu_vis=false item_vis=false ft_vis=false dev_vis=false player=24,11 moving=false move_route_forcing=false starting=[] common_event=0 transf=false transproc=false menu_disabled=false sw[1,9,11,15,40]=1:false,9:false,11:false,15:false,40:false
[20:37:47.962] INTERP_SETUP event_id=0 name=nil list_size=5
[20:37:47.978] f=289 map=4(frozen) interp_running=false list=nil menus_visible=true msg_showing=false winset_vis=true menu_vis=false item_vis=false ft_vis=false dev_vis=false player=24,11 moving=false move_route_forcing=false starting=[] common_event=0 transf=false transproc=false menu_disabled=false sw[1,9,11,15,40]=1:false,9:false,11:false,15:false,40:false
[20:37:47.979] INTERP_SETUP event_id=0 name=nil list_size=5
[20:37:47.995] f=290 map=4(frozen) interp_running=false list=nil menus_visible=true msg_showing=false winset_vis=true menu_vis=false item_vis=false ft_vis=false dev_vis=false player=24,11 moving=false move_route_forcing=false starting=[] common_event=0 transf=false transproc=false menu_disabled=false sw[1,9,11,15,40]=1:false,9:false,11:false,15:false,40:false
[20:37:47.996] INTERP_SETUP event_id=0 name=nil list_size=5
[20:37:48.011] f=291 map=4(frozen) interp_running=false list=nil menus_visible=true msg_showing=false winset_vis=true menu_vis=false item_vis=false ft_vis=false dev_vis=false player=24,11 moving=false move_route_forcing=false starting=[] common_event=0 transf=false transproc=false menu_disabled=false sw[1,9,11,15,40]=1:false,9:false,11:false,15:false,40:false
[20:37:48.012] INTERP_SETUP event_id=0 name=nil list_size=5
[20:37:48.028] f=292 map=4(frozen) interp_running=false list=nil menus_visible=true msg_showing=false winset_vis=true menu_vis=false item_vis=false ft_vis=false dev_vis=false player=24,11 moving=false move_route_forcing=false starting=[] common_event=0 transf=false transproc=false menu_disabled=false sw[1,9,11,15,40]=1:false,9:false,11:false,15:false,40:false
[20:37:48.029] INTERP_SETUP event_id=0 name=nil list_size=5
[20:37:48.044] f=293 map=4(frozen) interp_running=false list=nil menus_visible=true msg_showing=false winset_vis=true menu_vis=false item_vis=false ft_vis=false dev_vis=false player=24,11 moving=false move_route_forcing=false starting=[] common_event=0 transf=false transproc=false menu_disabled=false sw[1,9,11,15,40]=1:false,9:false,11:false,15:false,40:false
[20:37:48.045] INTERP_SETUP event_id=0 name=nil list_size=5
[20:37:48.061] f=294 map=4(frozen) interp_running=false list=nil menus_visible=true msg_showing=false winset_vis=true menu_vis=false item_vis=false ft_vis=false dev_vis=false player=24,11 moving=false move_route_forcing=false starting=[] common_event=0 transf=false transproc=false menu_disabled=false sw[1,9,11,15,40]=1:false,9:false,11:false,15:false,40:false
[20:37:48.062] INTERP_SETUP event_id=0 name=nil list_size=5
[20:37:48.078] f=295 map=4(frozen) interp_running=false list=nil menus_visible=true msg_showing=false winset_vis=true menu_vis=false item_vis=false ft_vis=false dev_vis=false player=24,11 moving=false move_route_forcing=false starting=[] common_event=0 transf=false transproc=false menu_disabled=false sw[1,9,11,15,40]=1:false,9:false,11:false,15:false,40:false
[20:37:48.079] INTERP_SETUP event_id=0 name=nil list_size=5
[20:37:48.095] f=296 map=4(frozen) interp_running=false list=nil menus_visible=true msg_showing=false winset_vis=true menu_vis=false item_vis=false ft_vis=false dev_vis=false player=24,11 moving=false move_route_forcing=false starting=[] common_event=0 transf=false transproc=false menu_disabled=false sw[1,9,11,15,40]=1:false,9:false,11:false,15:false,40:false
[20:37:48.095] INTERP_SETUP event_id=0 name=nil list_size=5
[20:37:48.111] f=297 map=4(frozen) interp_running=false list=nil menus_visible=true msg_showing=false winset_vis=true menu_vis=false item_vis=false ft_vis=false dev_vis=false player=24,11 moving=false move_route_forcing=false starting=[] common_event=0 transf=false transproc=false menu_disabled=false sw[1,9,11,15,40]=1:false,9:false,11:false,15:false,40:false
[20:37:48.112] INTERP_SETUP event_id=0 name=nil list_size=5
[20:37:48.128] f=298 map=4(frozen) interp_running=false list=nil menus_visible=true msg_showing=false winset_vis=true menu_vis=false item_vis=false ft_vis=false dev_vis=false player=24,11 moving=false move_route_forcing=false starting=[] common_event=0 transf=false transproc=false menu_disabled=false sw[1,9,11,15,40]=1:false,9:false,11:false,15:false,40:false
[20:37:48.128] INTERP_SETUP event_id=0 name=nil list_size=5
[20:37:48.145] f=299 map=4(frozen) interp_running=false list=nil menus_visible=true msg_showing=false winset_vis=true menu_vis=false item_vis=false ft_vis=false dev_vis=false player=24,11 moving=false move_route_forcing=false starting=[] common_event=0 transf=false transproc=false menu_disabled=false sw[1,9,11,15,40]=1:false,9:false,11:false,15:false,40:false
[20:37:48.146] INTERP_SETUP event_id=0 name=nil list_size=5
[20:37:48.162] f=300 map=4(frozen) interp_running=false list=nil menus_visible=true msg_showing=false winset_vis=true menu_vis=false item_vis=false ft_vis=false dev_vis=false player=24,11 moving=false move_route_forcing=false starting=[] common_event=0 transf=false transproc=false menu_disabled=false sw[1,9,11,15,40]=1:false,9:false,11:false,15:false,40:false
[20:37:48.163] INTERP_SETUP event_id=0 name=nil list_size=5
[20:37:48.178] INTERP_SETUP event_id=0 name=nil list_size=5
[20:37:48.195] INTERP_SETUP event_id=0 name=nil list_size=5
[20:37:48.211] INTERP_SETUP event_id=0 name=nil list_size=5
[20:37:48.228] INTERP_SETUP event_id=0 name=nil list_size=5
[20:37:48.245] INTERP_SETUP event_id=0 name=nil list_size=5
[20:37:48.261] INTERP_SETUP event_id=0 name=nil list_size=5
[20:37:48.278] INTERP_SETUP event_id=0 name=nil list_size=5
[20:37:48.295] INTERP_SETUP event_id=0 name=nil list_size=5
[20:37:48.311] INTERP_SETUP event_id=0 name=nil list_size=5
[20:37:48.328] INTERP_SETUP event_id=0 name=nil list_size=5
[20:37:48.345] INTERP_SETUP event_id=0 name=nil list_size=5
[20:37:48.361] INTERP_SETUP event_id=0 name=nil list_size=5
[20:37:48.378] INTERP_SETUP event_id=0 name=nil list_size=5
[20:37:48.395] INTERP_SETUP event_id=0 name=nil list_size=5
[20:37:48.411] INTERP_SETUP event_id=0 name=nil list_size=5
[20:37:48.428] INTERP_SETUP event_id=0 name=nil list_size=5
[20:37:48.445] INTERP_SETUP event_id=0 name=nil list_size=5
[20:37:48.462] INTERP_SETUP event_id=0 name=nil list_size=5
[20:37:48.478] INTERP_SETUP event_id=0 name=nil list_size=5
[20:37:48.495] INTERP_SETUP event_id=0 name=nil list_size=5
[20:37:48.511] INTERP_SETUP event_id=0 name=nil list_size=5
[20:37:48.528] INTERP_SETUP event_id=0 name=nil list_size=5
[20:37:48.545] INTERP_SETUP event_id=0 name=nil list_size=5
[20:37:48.561] INTERP_SETUP event_id=0 name=nil list_size=5
[20:37:48.578] INTERP_SETUP event_id=0 name=nil list_size=5
[20:37:48.595] INTERP_SETUP event_id=0 name=nil list_size=5
[20:37:48.611] INTERP_SETUP event_id=0 name=nil list_size=5
[20:37:48.628] INTERP_SETUP event_id=0 name=nil list_size=5
[20:37:48.645] INTERP_SETUP event_id=0 name=nil list_size=5
[20:37:48.661] INTERP_SETUP event_id=0 name=nil list_size=5
[20:37:48.678] INTERP_SETUP event_id=0 name=nil list_size=5
[20:37:48.695] INTERP_SETUP event_id=0 name=nil list_size=5
[20:37:48.711] INTERP_SETUP event_id=0 name=nil list_size=5
[20:37:48.728] INTERP_SETUP event_id=0 name=nil list_size=5
[20:37:48.745] INTERP_SETUP event_id=0 name=nil list_size=5
[20:37:48.761] INTERP_SETUP event_id=0 name=nil list_size=5
[20:37:48.778] INTERP_SETUP event_id=0 name=nil list_size=5
[20:37:48.795] INTERP_SETUP event_id=0 name=nil list_size=5
[20:37:48.812] INTERP_SETUP event_id=0 name=nil list_size=5
[20:37:48.828] INTERP_SETUP event_id=0 name=nil list_size=5
[20:37:48.845] INTERP_SETUP event_id=0 name=nil list_size=5
[20:37:48.861] INTERP_SETUP event_id=0 name=nil list_size=5
[20:37:48.878] INTERP_SETUP event_id=0 name=nil list_size=5
[20:37:48.895] INTERP_SETUP event_id=0 name=nil list_size=5
[20:37:48.911] INTERP_SETUP event_id=0 name=nil list_size=5
[20:37:48.928] INTERP_SETUP event_id=0 name=nil list_size=5
[20:37:48.945] INTERP_SETUP event_id=0 name=nil list_size=5
[20:37:48.962] INTERP_SETUP event_id=0 name=nil list_size=5
[20:37:48.978] INTERP_SETUP event_id=0 name=nil list_size=5
[20:37:48.995] INTERP_SETUP event_id=0 name=nil list_size=5
[20:37:49.011] INTERP_SETUP event_id=0 name=nil list_size=5
[20:37:49.028] INTERP_SETUP event_id=0 name=nil list_size=5
[20:37:49.045] INTERP_SETUP event_id=0 name=nil list_size=5
[20:37:49.062] INTERP_SETUP event_id=0 name=nil list_size=5
[20:37:49.078] INTERP_SETUP event_id=0 name=nil list_size=5
[20:37:49.095] INTERP_SETUP event_id=0 name=nil list_size=5
[20:37:49.111] INTERP_SETUP event_id=0 name=nil list_size=5
[20:37:49.128] INTERP_SETUP event_id=0 name=nil list_size=5
[20:37:49.145] INTERP_SETUP event_id=0 name=nil list_size=5
[20:37:49.162] INTERP_SETUP event_id=0 name=nil list_size=5
[20:37:49.178] INTERP_SETUP event_id=0 name=nil list_size=5
[20:37:49.195] INTERP_SETUP event_id=0 name=nil list_size=5
[20:37:49.211] INTERP_SETUP event_id=0 name=nil list_size=5
[20:37:49.228] INTERP_SETUP event_id=0 name=nil list_size=5
[20:37:49.244] INTERP_SETUP event_id=0 name=nil list_size=5
[20:37:49.261] INTERP_SETUP event_id=0 name=nil list_size=5
[20:37:49.278] INTERP_SETUP event_id=0 name=nil list_size=5
[20:37:49.294] INTERP_SETUP event_id=0 name=nil list_size=5
[20:37:49.312] INTERP_SETUP event_id=0 name=nil list_size=5
[20:37:49.328] INTERP_SETUP event_id=0 name=nil list_size=5
[20:37:49.345] INTERP_SETUP event_id=0 name=nil list_size=5
[20:37:49.362] INTERP_SETUP event_id=0 name=nil list_size=5
[20:37:49.378] INTERP_SETUP event_id=0 name=nil list_size=5
[20:37:49.395] INTERP_SETUP event_id=0 name=nil list_size=5
[20:37:49.411] INTERP_SETUP event_id=0 name=nil list_size=5
[20:37:49.429] INTERP_SETUP event_id=0 name=nil list_size=5
[20:37:49.445] INTERP_SETUP event_id=0 name=nil list_size=5
[20:37:49.462] INTERP_SETUP event_id=0 name=nil list_size=5
[20:37:49.478] INTERP_SETUP event_id=0 name=nil list_size=5
[20:37:49.495] INTERP_SETUP event_id=0 name=nil list_size=5
[20:37:49.512] INTERP_SETUP event_id=0 name=nil list_size=5
[20:37:49.528] INTERP_SETUP event_id=0 name=nil list_size=5
[20:37:49.545] INTERP_SETUP event_id=0 name=nil list_size=5
[20:37:49.561] INTERP_SETUP event_id=0 name=nil list_size=5
[20:37:49.578] INTERP_SETUP event_id=0 name=nil list_size=5
[20:37:49.595] INTERP_SETUP event_id=0 name=nil list_size=5
[20:37:49.611] INTERP_SETUP event_id=0 name=nil list_size=5
[20:37:49.628] INTERP_SETUP event_id=0 name=nil list_size=5
[20:37:49.645] INTERP_SETUP event_id=0 name=nil list_size=5
[20:37:49.661] INTERP_SETUP event_id=0 name=nil list_size=5
[20:37:49.678] INTERP_SETUP event_id=0 name=nil list_size=5
[20:37:49.695] INTERP_SETUP event_id=0 name=nil list_size=5
[20:37:49.711] INTERP_SETUP event_id=0 name=nil list_size=5
[20:37:49.728] INTERP_SETUP event_id=0 name=nil list_size=5
[20:37:49.745] INTERP_SETUP event_id=0 name=nil list_size=5
[20:37:49.761] INTERP_SETUP event_id=0 name=nil list_size=5
[20:37:49.778] INTERP_SETUP event_id=0 name=nil list_size=5
[20:37:49.795] INTERP_SETUP event_id=0 name=nil list_size=5
[20:37:49.811] INTERP_SETUP event_id=0 name=nil list_size=5
[20:37:49.828] INTERP_SETUP event_id=0 name=nil list_size=5
[20:37:49.845] INTERP_SETUP event_id=0 name=nil list_size=5
[20:37:49.861] INTERP_SETUP event_id=0 name=nil list_size=5
[20:37:49.878] INTERP_SETUP event_id=0 name=nil list_size=5
[20:37:49.895] INTERP_SETUP event_id=0 name=nil list_size=5
[20:37:49.911] INTERP_SETUP event_id=0 name=nil list_size=5
[20:37:49.928] INTERP_SETUP event_id=0 name=nil list_size=5
[20:37:49.945] INTERP_SETUP event_id=0 name=nil list_size=5
[20:37:49.961] INTERP_SETUP event_id=0 name=nil list_size=5
[20:37:49.978] INTERP_SETUP event_id=0 name=nil list_size=5
[20:37:49.995] INTERP_SETUP event_id=0 name=nil list_size=5
[20:37:50.012] INTERP_SETUP event_id=0 name=nil list_size=5
[20:37:50.028] INTERP_SETUP event_id=0 name=nil list_size=5
[20:37:50.045] INTERP_SETUP event_id=0 name=nil list_size=5
[20:37:50.061] INTERP_SETUP event_id=0 name=nil list_size=5
[20:37:50.078] INTERP_SETUP event_id=0 name=nil list_size=5
[20:37:50.095] INTERP_SETUP event_id=0 name=nil list_size=5
[20:37:50.111] INTERP_SETUP event_id=0 name=nil list_size=5
[20:37:50.128] INTERP_SETUP event_id=0 name=nil list_size=5
[20:37:50.145] INTERP_SETUP event_id=0 name=nil list_size=5
[20:37:50.162] INTERP_SETUP event_id=0 name=nil list_size=5
[20:37:50.178] INTERP_SETUP event_id=0 name=nil list_size=5
[20:37:50.195] INTERP_SETUP event_id=0 name=nil list_size=5
[20:37:50.211] INTERP_SETUP event_id=0 name=nil list_size=5
[20:37:50.228] INTERP_SETUP event_id=0 name=nil list_size=5
[20:37:50.245] INTERP_SETUP event_id=0 name=nil list_size=5
[20:37:50.262] INTERP_SETUP event_id=0 name=nil list_size=5
[20:37:50.278] INTERP_SETUP event_id=0 name=nil list_size=5
[20:37:50.294] INTERP_SETUP event_id=0 name=nil list_size=5
[20:37:50.311] INTERP_SETUP event_id=0 name=nil list_size=5
[20:37:50.328] INTERP_SETUP event_id=0 name=nil list_size=5
[20:37:50.345] INTERP_SETUP event_id=0 name=nil list_size=5
[20:37:50.361] INTERP_SETUP event_id=0 name=nil list_size=5
[20:37:50.378] INTERP_SETUP event_id=0 name=nil list_size=5
[20:37:50.395] INTERP_SETUP event_id=0 name=nil list_size=5
[20:37:50.411] INTERP_SETUP event_id=0 name=nil list_size=5
[20:37:50.427] INTERP_SETUP event_id=0 name=nil list_size=5
[20:37:50.445] INTERP_SETUP event_id=0 name=nil list_size=5
[20:37:50.461] INTERP_SETUP event_id=0 name=nil list_size=5
[20:37:50.478] INTERP_SETUP event_id=0 name=nil list_size=5
[20:37:50.495] INTERP_SETUP event_id=0 name=nil list_size=5
[20:37:50.512] INTERP_SETUP event_id=0 name=nil list_size=5
[20:37:50.528] INTERP_SETUP event_id=0 name=nil list_size=5
[20:37:50.545] INTERP_SETUP event_id=0 name=nil list_size=5
[20:37:50.561] INTERP_SETUP event_id=0 name=nil list_size=5
[20:37:50.578] INTERP_SETUP event_id=0 name=nil list_size=5
[20:37:50.594] INTERP_SETUP event_id=0 name=nil list_size=5
[20:37:50.611] INTERP_SETUP event_id=0 name=nil list_size=5
[20:37:50.628] INTERP_SETUP event_id=0 name=nil list_size=5
[20:37:50.645] INTERP_SETUP event_id=0 name=nil list_size=5
[20:37:50.661] INTERP_SETUP event_id=0 name=nil list_size=5
[20:37:50.678] INTERP_SETUP event_id=0 name=nil list_size=5
[20:37:50.695] INTERP_SETUP event_id=0 name=nil list_size=5
[20:37:50.711] INTERP_SETUP event_id=0 name=nil list_size=5
[20:37:50.728] INTERP_SETUP event_id=0 name=nil list_size=5
[20:37:50.745] INTERP_SETUP event_id=0 name=nil list_size=5
[20:37:50.761] INTERP_SETUP event_id=0 name=nil list_size=5
[20:37:50.778] INTERP_SETUP event_id=0 name=nil list_size=5
[20:37:50.795] INTERP_SETUP event_id=0 name=nil list_size=5
[20:37:50.811] INTERP_SETUP event_id=0 name=nil list_size=5
[20:37:50.828] INTERP_SETUP event_id=0 name=nil list_size=5
[20:37:50.845] INTERP_SETUP event_id=0 name=nil list_size=5
[20:37:50.861] INTERP_SETUP event_id=0 name=nil list_size=5
[20:37:50.878] INTERP_SETUP event_id=0 name=nil list_size=5
[20:37:50.895] INTERP_SETUP event_id=0 name=nil list_size=5
[20:37:50.911] INTERP_SETUP event_id=0 name=nil list_size=5
[20:37:50.928] INTERP_SETUP event_id=0 name=nil list_size=5
[20:37:50.945] INTERP_SETUP event_id=0 name=nil list_size=5
[20:37:50.961] INTERP_SETUP event_id=0 name=nil list_size=5
[20:37:50.978] INTERP_SETUP event_id=0 name=nil list_size=5
[20:37:50.995] INTERP_SETUP event_id=0 name=nil list_size=5
[20:37:51.011] INTERP_SETUP event_id=0 name=nil list_size=5
[20:37:51.028] INTERP_SETUP event_id=0 name=nil list_size=5
[20:37:51.044] INTERP_SETUP event_id=0 name=nil list_size=5
[20:37:51.061] INTERP_SETUP event_id=0 name=nil list_size=5
[20:37:51.078] INTERP_SETUP event_id=0 name=nil list_size=5
[20:37:51.095] INTERP_SETUP event_id=0 name=nil list_size=5
[20:37:51.111] INTERP_SETUP event_id=0 name=nil list_size=5
[20:37:51.128] INTERP_SETUP event_id=0 name=nil list_size=5
[20:37:51.145] INTERP_SETUP event_id=0 name=nil list_size=5
[20:37:51.162] INTERP_SETUP event_id=0 name=nil list_size=5
[20:37:51.178] INTERP_SETUP event_id=0 name=nil list_size=5
[20:37:51.195] INTERP_SETUP event_id=0 name=nil list_size=5
[20:37:51.211] INTERP_SETUP event_id=0 name=nil list_size=5
[20:37:51.228] INTERP_SETUP event_id=0 name=nil list_size=5
[20:37:51.245] INTERP_SETUP event_id=0 name=nil list_size=5
[20:37:51.261] INTERP_SETUP event_id=0 name=nil list_size=5
[20:37:51.278] INTERP_SETUP event_id=0 name=nil list_size=5
[20:37:51.295] INTERP_SETUP event_id=0 name=nil list_size=5
[20:37:51.311] INTERP_SETUP event_id=0 name=nil list_size=5
[20:37:51.328] INTERP_SETUP event_id=0 name=nil list_size=5
[20:37:51.344] INTERP_SETUP event_id=0 name=nil list_size=5
[20:37:51.361] INTERP_SETUP event_id=0 name=nil list_size=5
[20:37:51.378] INTERP_SETUP event_id=0 name=nil list_size=5
[20:37:51.394] INTERP_SETUP event_id=0 name=nil list_size=5
[20:37:51.411] INTERP_SETUP event_id=0 name=nil list_size=5
[20:37:51.428] INTERP_SETUP event_id=0 name=nil list_size=5
[20:37:51.445] INTERP_SETUP event_id=0 name=nil list_size=5
[20:37:51.461] INTERP_SETUP event_id=0 name=nil list_size=5
[20:37:51.478] INTERP_SETUP event_id=0 name=nil list_size=5
[20:37:51.495] INTERP_SETUP event_id=0 name=nil list_size=5
[20:37:51.512] INTERP_SETUP event_id=0 name=nil list_size=5
[20:37:51.528] INTERP_SETUP event_id=0 name=nil list_size=5
[20:37:51.545] INTERP_SETUP event_id=0 name=nil list_size=5
[20:37:51.561] INTERP_SETUP event_id=0 name=nil list_size=5
[20:37:51.578] INTERP_SETUP event_id=0 name=nil list_size=5
[20:37:51.595] INTERP_SETUP event_id=0 name=nil list_size=5
[20:37:51.611] INTERP_SETUP event_id=0 name=nil list_size=5
[20:37:51.628] INTERP_SETUP event_id=0 name=nil list_size=5
[20:37:51.645] INTERP_SETUP event_id=0 name=nil list_size=5
[20:37:51.661] INTERP_SETUP event_id=0 name=nil list_size=5
[20:37:51.678] INTERP_SETUP event_id=0 name=nil list_size=5
[20:37:51.695] INTERP_SETUP event_id=0 name=nil list_size=5
[20:37:51.711] INTERP_SETUP event_id=0 name=nil list_size=5
[20:37:51.728] INTERP_SETUP event_id=0 name=nil list_size=5
[20:37:51.745] INTERP_SETUP event_id=0 name=nil list_size=5
[20:37:51.761] INTERP_SETUP event_id=0 name=nil list_size=5
[20:37:51.778] INTERP_SETUP event_id=0 name=nil list_size=5
[20:37:51.795] INTERP_SETUP event_id=0 name=nil list_size=5
[20:37:51.811] INTERP_SETUP event_id=0 name=nil list_size=5
[20:37:51.828] INTERP_SETUP event_id=0 name=nil list_size=5
[20:37:51.845] INTERP_SETUP event_id=0 name=nil list_size=5
[20:37:51.861] INTERP_SETUP event_id=0 name=nil list_size=5
[20:37:51.878] INTERP_SETUP event_id=0 name=nil list_size=5
[20:37:51.895] INTERP_SETUP event_id=0 name=nil list_size=5
[20:37:51.911] INTERP_SETUP event_id=0 name=nil list_size=5
[20:37:51.928] INTERP_SETUP event_id=0 name=nil list_size=5
[20:37:51.945] INTERP_SETUP event_id=0 name=nil list_size=5
[20:37:51.961] INTERP_SETUP event_id=0 name=nil list_size=5
[20:37:51.978] INTERP_SETUP event_id=0 name=nil list_size=5
[20:37:51.995] INTERP_SETUP event_id=0 name=nil list_size=5
[20:37:52.011] INTERP_SETUP event_id=0 name=nil list_size=5
[20:37:52.028] INTERP_SETUP event_id=0 name=nil list_size=5
[20:37:52.045] INTERP_SETUP event_id=0 name=nil list_size=5
[20:37:52.061] INTERP_SETUP event_id=0 name=nil list_size=5
[20:37:52.078] INTERP_SETUP event_id=0 name=nil list_size=5
[20:37:52.095] INTERP_SETUP event_id=0 name=nil list_size=5
[20:37:52.111] INTERP_SETUP event_id=0 name=nil list_size=5
[20:37:52.128] INTERP_SETUP event_id=0 name=nil list_size=5
[20:37:52.145] INTERP_SETUP event_id=0 name=nil list_size=5
[20:37:52.161] INTERP_SETUP event_id=0 name=nil list_size=5
[20:37:52.178] INTERP_SETUP event_id=0 name=nil list_size=5
[20:37:52.195] INTERP_SETUP event_id=0 name=nil list_size=5
[20:37:52.211] INTERP_SETUP event_id=0 name=nil list_size=5
[20:37:52.228] INTERP_SETUP event_id=0 name=nil list_size=5
[20:37:52.244] INTERP_SETUP event_id=0 name=nil list_size=5
[20:37:52.261] INTERP_SETUP event_id=0 name=nil list_size=5
[20:37:52.278] INTERP_SETUP event_id=0 name=nil list_size=5
[20:37:52.295] INTERP_SETUP event_id=0 name=nil list_size=5
[20:37:52.311] INTERP_SETUP event_id=0 name=nil list_size=5
[20:37:52.328] INTERP_SETUP event_id=0 name=nil list_size=5
[20:37:52.344] INTERP_SETUP event_id=0 name=nil list_size=5
[20:37:52.361] INTERP_SETUP event_id=0 name=nil list_size=5
[20:37:52.378] INTERP_SETUP event_id=0 name=nil list_size=5
[20:37:52.394] INTERP_SETUP event_id=0 name=nil list_size=5
[20:37:52.411] INTERP_SETUP event_id=0 name=nil list_size=5
[20:37:52.428] INTERP_SETUP event_id=0 name=nil list_size=5
[20:37:52.444] INTERP_SETUP event_id=0 name=nil list_size=5
[20:37:52.461] INTERP_SETUP event_id=0 name=nil list_size=5
[20:37:52.478] INTERP_SETUP event_id=0 name=nil list_size=5
[20:37:52.495] INTERP_SETUP event_id=0 name=nil list_size=5
[20:37:52.511] INTERP_SETUP event_id=0 name=nil list_size=5
[20:37:52.528] INTERP_SETUP event_id=0 name=nil list_size=5
[20:37:52.544] INTERP_SETUP event_id=0 name=nil list_size=5
[20:37:52.561] INTERP_SETUP event_id=0 name=nil list_size=5
[20:37:52.578] INTERP_SETUP event_id=0 name=nil list_size=5
[20:37:52.594] INTERP_SETUP event_id=0 name=nil list_size=5
[20:37:52.611] INTERP_SETUP event_id=0 name=nil list_size=5
[20:37:52.628] INTERP_SETUP event_id=0 name=nil list_size=5
[20:37:52.644] INTERP_SETUP event_id=0 name=nil list_size=5
[20:37:52.661] INTERP_SETUP event_id=0 name=nil list_size=5
[20:37:52.678] INTERP_SETUP event_id=0 name=nil list_size=5
[20:37:52.695] INTERP_SETUP event_id=0 name=nil list_size=5
[20:37:52.711] INTERP_SETUP event_id=0 name=nil list_size=5
[20:37:52.728] INTERP_SETUP event_id=0 name=nil list_size=5
[20:37:52.744] INTERP_SETUP event_id=0 name=nil list_size=5
[20:37:52.761] INTERP_SETUP event_id=0 name=nil list_size=5
[20:37:52.778] INTERP_SETUP event_id=0 name=nil list_size=5
[20:37:52.795] INTERP_SETUP event_id=0 name=nil list_size=5
[20:37:52.811] INTERP_SETUP event_id=0 name=nil list_size=5
[20:37:52.828] INTERP_SETUP event_id=0 name=nil list_size=5
[20:37:52.844] INTERP_SETUP event_id=0 name=nil list_size=5
[20:37:52.846] MAP_SETUP -> 2  (jump_free=true frozen=2)
[20:37:52.849] MAP_SETUP_DONE map=2 events=20 starting=[] autorun_events=[]
[20:37:52.863] INTERP_SETUP event_id=16 name=nil list_size=4
[20:37:52.863] INTERP_SETUP event_id=17 name=nil list_size=3
[20:37:52.864] INTERP_SETUP event_id=7 name=nil list_size=2
[20:37:52.865] INTERP_SETUP event_id=0 name=nil list_size=5
[20:37:53.878] INTERP_SETUP event_id=7 name=nil list_size=2
[20:37:53.879] INTERP_SETUP event_id=0 name=nil list_size=5
[20:37:53.895] INTERP_SETUP event_id=7 name=nil list_size=2
[20:37:53.895] INTERP_SETUP event_id=0 name=nil list_size=5
[20:37:53.911] INTERP_SETUP event_id=7 name=nil list_size=2
[20:37:53.912] INTERP_SETUP event_id=0 name=nil list_size=5
[20:37:53.928] INTERP_SETUP event_id=7 name=nil list_size=2
[20:37:53.929] INTERP_SETUP event_id=0 name=nil list_size=5
[20:37:53.944] INTERP_SETUP event_id=7 name=nil list_size=2
[20:37:53.945] INTERP_SETUP event_id=0 name=nil list_size=5
[20:37:53.961] INTERP_SETUP event_id=7 name=nil list_size=2
[20:37:53.962] INTERP_SETUP event_id=0 name=nil list_size=5
[20:37:53.978] INTERP_SETUP event_id=7 name=nil list_size=2
[20:37:53.979] INTERP_SETUP event_id=0 name=nil list_size=5
[20:37:53.995] INTERP_SETUP event_id=7 name=nil list_size=2
[20:37:53.996] INTERP_SETUP event_id=0 name=nil list_size=5
[20:37:54.011] INTERP_SETUP event_id=7 name=nil list_size=2
[20:37:54.013] INTERP_SETUP event_id=0 name=nil list_size=5
[20:37:54.028] INTERP_SETUP event_id=7 name=nil list_size=2
[20:37:54.029] INTERP_SETUP event_id=0 name=nil list_size=5
[20:37:54.045] INTERP_SETUP event_id=7 name=nil list_size=2
[20:37:54.046] INTERP_SETUP event_id=0 name=nil list_size=5
[20:37:54.061] INTERP_SETUP event_id=7 name=nil list_size=2
[20:37:54.062] INTERP_SETUP event_id=0 name=nil list_size=5
[20:37:54.078] INTERP_SETUP event_id=7 name=nil list_size=2
[20:37:54.079] INTERP_SETUP event_id=0 name=nil list_size=5
[20:37:54.095] INTERP_SETUP event_id=7 name=nil list_size=2
[20:37:54.096] INTERP_SETUP event_id=0 name=nil list_size=5
[20:37:54.112] INTERP_SETUP event_id=7 name=nil list_size=2
[20:37:54.113] INTERP_SETUP event_id=0 name=nil list_size=5
[20:37:54.128] INTERP_SETUP event_id=7 name=nil list_size=2
[20:37:54.129] INTERP_SETUP event_id=0 name=nil list_size=5
[20:37:54.145] INTERP_SETUP event_id=7 name=nil list_size=2
[20:37:54.146] INTERP_SETUP event_id=0 name=nil list_size=5
[20:37:54.161] INTERP_SETUP event_id=7 name=nil list_size=2
[20:37:54.162] INTERP_SETUP event_id=0 name=nil list_size=5
[20:37:54.178] INTERP_SETUP event_id=7 name=nil list_size=2
[20:37:54.179] INTERP_SETUP event_id=0 name=nil list_size=5
[20:37:54.195] INTERP_SETUP event_id=7 name=nil list_size=2
[20:37:54.195] INTERP_SETUP event_id=0 name=nil list_size=5
[20:37:54.211] INTERP_SETUP event_id=7 name=nil list_size=2
[20:37:54.212] INTERP_SETUP event_id=0 name=nil list_size=5
[20:37:54.228] INTERP_SETUP event_id=7 name=nil list_size=2
[20:37:54.229] INTERP_SETUP event_id=0 name=nil list_size=5
[20:37:54.245] INTERP_SETUP event_id=7 name=nil list_size=2
[20:37:54.246] INTERP_SETUP event_id=0 name=nil list_size=5
[20:37:54.261] INTERP_SETUP event_id=7 name=nil list_size=2
[20:37:54.262] INTERP_SETUP event_id=0 name=nil list_size=5
[20:37:54.278] INTERP_SETUP event_id=7 name=nil list_size=2
[20:37:54.279] INTERP_SETUP event_id=0 name=nil list_size=5
[20:37:54.295] INTERP_SETUP event_id=7 name=nil list_size=2
[20:37:54.296] INTERP_SETUP event_id=0 name=nil list_size=5
[20:37:54.311] INTERP_SETUP event_id=7 name=nil list_size=2
[20:37:54.312] INTERP_SETUP event_id=0 name=nil list_size=5
[20:37:54.328] INTERP_SETUP event_id=7 name=nil list_size=2
[20:37:54.329] INTERP_SETUP event_id=0 name=nil list_size=5
[20:37:54.345] INTERP_SETUP event_id=7 name=nil list_size=2
[20:37:54.346] INTERP_SETUP event_id=0 name=nil list_size=5
[20:37:54.362] INTERP_SETUP event_id=7 name=nil list_size=2
[20:37:54.363] INTERP_SETUP event_id=0 name=nil list_size=5
[20:37:54.378] INTERP_SETUP event_id=7 name=nil list_size=2
[20:37:54.379] INTERP_SETUP event_id=0 name=nil list_size=5
[20:37:54.395] INTERP_SETUP event_id=7 name=nil list_size=2
[20:37:54.396] INTERP_SETUP event_id=0 name=nil list_size=5
[20:37:54.411] INTERP_SETUP event_id=7 name=nil list_size=2
[20:37:54.412] INTERP_SETUP event_id=0 name=nil list_size=5
[20:37:54.428] INTERP_SETUP event_id=7 name=nil list_size=2
[20:37:54.429] INTERP_SETUP event_id=0 name=nil list_size=5
[20:37:54.444] INTERP_SETUP event_id=7 name=nil list_size=2
[20:37:54.445] INTERP_SETUP event_id=0 name=nil list_size=5
[20:37:54.461] INTERP_SETUP event_id=7 name=nil list_size=2
[20:37:54.462] INTERP_SETUP event_id=0 name=nil list_size=5
[20:37:54.478] INTERP_SETUP event_id=7 name=nil list_size=2
[20:37:54.479] INTERP_SETUP event_id=0 name=nil list_size=5
[20:37:54.495] INTERP_SETUP event_id=7 name=nil list_size=2
[20:37:54.496] INTERP_SETUP event_id=0 name=nil list_size=5
[20:37:54.512] INTERP_SETUP event_id=7 name=nil list_size=2
[20:37:54.513] INTERP_SETUP event_id=0 name=nil list_size=5
[20:37:54.528] INTERP_SETUP event_id=7 name=nil list_size=2
[20:37:54.529] INTERP_SETUP event_id=0 name=nil list_size=5
[20:37:54.545] INTERP_SETUP event_id=7 name=nil list_size=2
[20:37:54.546] INTERP_SETUP event_id=0 name=nil list_size=5
[20:37:54.561] INTERP_SETUP event_id=7 name=nil list_size=2
[20:37:54.562] INTERP_SETUP event_id=0 name=nil list_size=5
[20:37:54.578] INTERP_SETUP event_id=7 name=nil list_size=2
[20:37:54.579] INTERP_SETUP event_id=0 name=nil list_size=5
[20:37:54.595] INTERP_SETUP event_id=7 name=nil list_size=2
[20:37:54.596] INTERP_SETUP event_id=0 name=nil list_size=5
[20:37:54.611] INTERP_SETUP event_id=7 name=nil list_size=2
[20:37:54.612] INTERP_SETUP event_id=0 name=nil list_size=5
[20:37:54.628] INTERP_SETUP event_id=7 name=nil list_size=2
[20:37:54.629] INTERP_SETUP event_id=0 name=nil list_size=5
[20:37:54.645] INTERP_SETUP event_id=7 name=nil list_size=2
[20:37:54.979] INTERP_SETUP event_id=0 name=nil list_size=5
[20:37:54.983] INTERP_SETUP event_id=7 name=nil list_size=2
[20:37:54.984] INTERP_SETUP event_id=0 name=nil list_size=5
[20:37:54.995] INTERP_SETUP event_id=7 name=nil list_size=2
[20:37:54.996] INTERP_SETUP event_id=0 name=nil list_size=5
[20:37:55.011] INTERP_SETUP event_id=7 name=nil list_size=2
[20:37:55.012] INTERP_SETUP event_id=0 name=nil list_size=5
[20:37:55.028] INTERP_SETUP event_id=7 name=nil list_size=2
[20:37:55.029] INTERP_SETUP event_id=0 name=nil list_size=5
[20:37:55.044] INTERP_SETUP event_id=7 name=nil list_size=2
[20:37:55.045] INTERP_SETUP event_id=0 name=nil list_size=5
[20:37:55.061] INTERP_SETUP event_id=7 name=nil list_size=2
[20:37:55.062] INTERP_SETUP event_id=0 name=nil list_size=5
[20:37:55.078] INTERP_SETUP event_id=7 name=nil list_size=2
[20:37:55.079] INTERP_SETUP event_id=0 name=nil list_size=5
[20:37:55.094] INTERP_SETUP event_id=7 name=nil list_size=2
[20:37:55.095] INTERP_SETUP event_id=0 name=nil list_size=5
[20:37:55.111] INTERP_SETUP event_id=7 name=nil list_size=2
[20:37:55.112] INTERP_SETUP event_id=0 name=nil list_size=5
[20:37:55.128] INTERP_SETUP event_id=7 name=nil list_size=2
[20:37:55.129] INTERP_SETUP event_id=0 name=nil list_size=5
[20:37:55.145] INTERP_SETUP event_id=7 name=nil list_size=2
[20:37:55.146] INTERP_SETUP event_id=0 name=nil list_size=5
[20:37:55.161] INTERP_SETUP event_id=7 name=nil list_size=2
[20:37:55.162] INTERP_SETUP event_id=0 name=nil list_size=5
[20:37:55.178] INTERP_SETUP event_id=7 name=nil list_size=2
[20:37:55.179] INTERP_SETUP event_id=0 name=nil list_size=5
[20:37:55.194] INTERP_SETUP event_id=7 name=nil list_size=2
[20:37:55.195] INTERP_SETUP event_id=0 name=nil list_size=5
[20:37:55.211] INTERP_SETUP event_id=7 name=nil list_size=2
[20:37:55.212] INTERP_SETUP event_id=0 name=nil list_size=5
[20:37:55.228] INTERP_SETUP event_id=7 name=nil list_size=2
[20:37:55.229] INTERP_SETUP event_id=0 name=nil list_size=5
[20:37:55.245] INTERP_SETUP event_id=7 name=nil list_size=2
[20:37:55.246] INTERP_SETUP event_id=0 name=nil list_size=5
[20:37:55.261] INTERP_SETUP event_id=7 name=nil list_size=2
[20:37:55.262] INTERP_SETUP event_id=0 name=nil list_size=5
[20:37:55.278] INTERP_SETUP event_id=7 name=nil list_size=2
[20:37:55.279] INTERP_SETUP event_id=0 name=nil list_size=5
[20:37:55.294] INTERP_SETUP event_id=7 name=nil list_size=2
[20:37:55.295] INTERP_SETUP event_id=0 name=nil list_size=5
[20:37:55.311] INTERP_SETUP event_id=7 name=nil list_size=2
[20:37:55.312] INTERP_SETUP event_id=0 name=nil list_size=5
[20:37:55.328] INTERP_SETUP event_id=7 name=nil list_size=2
[20:37:55.329] INTERP_SETUP event_id=0 name=nil list_size=5
[20:37:55.345] INTERP_SETUP event_id=7 name=nil list_size=2
[20:37:55.347] INTERP_SETUP event_id=0 name=nil list_size=5
[20:37:55.361] INTERP_SETUP event_id=7 name=nil list_size=2
[20:37:55.363] INTERP_SETUP event_id=0 name=nil list_size=5
[20:37:55.378] INTERP_SETUP event_id=7 name=nil list_size=2
[20:37:55.380] INTERP_SETUP event_id=0 name=nil list_size=5
[20:37:55.395] INTERP_SETUP event_id=7 name=nil list_size=2
[20:37:55.396] INTERP_SETUP event_id=0 name=nil list_size=5
[20:37:55.411] INTERP_SETUP event_id=7 name=nil list_size=2
[20:37:55.412] INTERP_SETUP event_id=0 name=nil list_size=5
[20:37:55.428] INTERP_SETUP event_id=7 name=nil list_size=2
[20:37:55.429] INTERP_SETUP event_id=0 name=nil list_size=5
[20:37:55.445] INTERP_SETUP event_id=7 name=nil list_size=2
[20:37:55.446] INTERP_SETUP event_id=0 name=nil list_size=5
[20:37:55.461] INTERP_SETUP event_id=7 name=nil list_size=2
[20:37:55.462] INTERP_SETUP event_id=0 name=nil list_size=5
[20:37:55.478] INTERP_SETUP event_id=7 name=nil list_size=2
[20:37:55.479] INTERP_SETUP event_id=0 name=nil list_size=5
[20:37:55.495] INTERP_SETUP event_id=7 name=nil list_size=2
[20:37:55.496] INTERP_SETUP event_id=0 name=nil list_size=5
[20:37:55.511] INTERP_SETUP event_id=7 name=nil list_size=2
[20:37:55.513] INTERP_SETUP event_id=0 name=nil list_size=5
[20:37:55.528] INTERP_SETUP event_id=7 name=nil list_size=2
[20:37:55.529] INTERP_SETUP event_id=0 name=nil list_size=5
[20:37:55.545] INTERP_SETUP event_id=7 name=nil list_size=2
[20:37:55.546] INTERP_SETUP event_id=0 name=nil list_size=5
[20:37:55.561] INTERP_SETUP event_id=7 name=nil list_size=2
[20:37:55.562] INTERP_SETUP event_id=0 name=nil list_size=5
[20:37:55.577] INTERP_SETUP event_id=7 name=nil list_size=2
[20:37:55.578] INTERP_SETUP event_id=0 name=nil list_size=5
[20:37:55.595] INTERP_SETUP event_id=7 name=nil list_size=2
[20:37:55.596] INTERP_SETUP event_id=0 name=nil list_size=5
[20:37:55.611] INTERP_SETUP event_id=7 name=nil list_size=2
[20:37:55.612] INTERP_SETUP event_id=0 name=nil list_size=5
[20:37:55.628] INTERP_SETUP event_id=7 name=nil list_size=2
[20:37:55.629] INTERP_SETUP event_id=0 name=nil list_size=5
[20:37:55.645] INTERP_SETUP event_id=7 name=nil list_size=2
[20:37:55.645] INTERP_SETUP event_id=0 name=nil list_size=5
[20:37:55.661] INTERP_SETUP event_id=7 name=nil list_size=2
[20:37:55.662] INTERP_SETUP event_id=0 name=nil list_size=5
[20:37:55.678] INTERP_SETUP event_id=7 name=nil list_size=2
[20:37:55.679] INTERP_SETUP event_id=0 name=nil list_size=5
[20:37:55.695] INTERP_SETUP event_id=7 name=nil list_size=2
[20:37:55.696] INTERP_SETUP event_id=0 name=nil list_size=5
[20:37:55.711] INTERP_SETUP event_id=7 name=nil list_size=2
[20:37:55.712] INTERP_SETUP event_id=0 name=nil list_size=5
[20:37:55.728] INTERP_SETUP event_id=7 name=nil list_size=2
[20:37:55.729] INTERP_SETUP event_id=0 name=nil list_size=5
[20:37:55.744] INTERP_SETUP event_id=7 name=nil list_size=2
[20:37:55.745] INTERP_SETUP event_id=0 name=nil list_size=5
[20:37:55.761] INTERP_SETUP event_id=7 name=nil list_size=2
[20:37:55.762] INTERP_SETUP event_id=0 name=nil list_size=5
[20:37:55.778] INTERP_SETUP event_id=7 name=nil list_size=2
[20:37:55.779] INTERP_SETUP event_id=0 name=nil list_size=5
[20:37:55.795] INTERP_SETUP event_id=7 name=nil list_size=2
[20:37:55.796] INTERP_SETUP event_id=0 name=nil list_size=5
[20:37:55.811] INTERP_SETUP event_id=7 name=nil list_size=2
[20:37:55.812] INTERP_SETUP event_id=0 name=nil list_size=5
[20:37:55.828] INTERP_SETUP event_id=7 name=nil list_size=2
[20:37:55.829] INTERP_SETUP event_id=0 name=nil list_size=5
[20:37:55.844] INTERP_SETUP event_id=7 name=nil list_size=2
[20:37:55.846] INTERP_SETUP event_id=0 name=nil list_size=5
[20:37:55.862] INTERP_SETUP event_id=7 name=nil list_size=2
[20:37:55.863] INTERP_SETUP event_id=0 name=nil list_size=5
[20:37:55.878] INTERP_SETUP event_id=7 name=nil list_size=2
[20:37:55.880] INTERP_SETUP event_id=0 name=nil list_size=5
[20:37:55.895] INTERP_SETUP event_id=7 name=nil list_size=2
[20:37:55.896] INTERP_SETUP event_id=0 name=nil list_size=5
[20:37:55.911] INTERP_SETUP event_id=7 name=nil list_size=2
[20:37:55.912] INTERP_SETUP event_id=0 name=nil list_size=5
[20:37:55.928] INTERP_SETUP event_id=7 name=nil list_size=2
[20:37:55.929] INTERP_SETUP event_id=0 name=nil list_size=5
[20:37:55.945] INTERP_SETUP event_id=7 name=nil list_size=2
[20:37:55.946] INTERP_SETUP event_id=0 name=nil list_size=5
[20:37:55.961] INTERP_SETUP event_id=7 name=nil list_size=2
[20:37:55.962] INTERP_SETUP event_id=0 name=nil list_size=5
[20:37:55.978] INTERP_SETUP event_id=7 name=nil list_size=2
[20:37:55.979] INTERP_SETUP event_id=0 name=nil list_size=5
[20:37:55.995] INTERP_SETUP event_id=7 name=nil list_size=2
[20:37:55.995] INTERP_SETUP event_id=0 name=nil list_size=5
[20:37:56.011] INTERP_SETUP event_id=7 name=nil list_size=2
[20:37:56.012] INTERP_SETUP event_id=0 name=nil list_size=5
[20:37:56.028] INTERP_SETUP event_id=7 name=nil list_size=2
[20:37:56.028] INTERP_SETUP event_id=0 name=nil list_size=5
[20:37:56.045] INTERP_SETUP event_id=7 name=nil list_size=2
[20:37:56.046] INTERP_SETUP event_id=0 name=nil list_size=5
[20:37:56.061] INTERP_SETUP event_id=7 name=nil list_size=2
[20:37:56.062] INTERP_SETUP event_id=0 name=nil list_size=5
[20:37:56.078] INTERP_SETUP event_id=7 name=nil list_size=2
[20:37:56.079] INTERP_SETUP event_id=0 name=nil list_size=5
[20:37:56.095] INTERP_SETUP event_id=7 name=nil list_size=2
[20:37:56.096] INTERP_SETUP event_id=0 name=nil list_size=5
[20:37:56.111] INTERP_SETUP event_id=7 name=nil list_size=2
[20:37:56.112] INTERP_SETUP event_id=0 name=nil list_size=5
[20:37:56.128] INTERP_SETUP event_id=7 name=nil list_size=2
[20:37:56.128] INTERP_SETUP event_id=0 name=nil list_size=5
[20:37:56.145] INTERP_SETUP event_id=7 name=nil list_size=2
[20:37:56.146] INTERP_SETUP event_id=0 name=nil list_size=5
[20:37:56.162] INTERP_SETUP event_id=7 name=nil list_size=2
[20:37:56.163] INTERP_SETUP event_id=0 name=nil list_size=5
[20:37:56.178] INTERP_SETUP event_id=7 name=nil list_size=2
[20:37:56.179] INTERP_SETUP event_id=0 name=nil list_size=5
[20:37:56.194] INTERP_SETUP event_id=7 name=nil list_size=2
[20:37:56.195] INTERP_SETUP event_id=0 name=nil list_size=5
[20:37:56.211] INTERP_SETUP event_id=7 name=nil list_size=2
[20:37:56.212] INTERP_SETUP event_id=0 name=nil list_size=5
[20:37:56.228] INTERP_SETUP event_id=7 name=nil list_size=2
[20:37:56.229] INTERP_SETUP event_id=0 name=nil list_size=5
[20:37:56.245] INTERP_SETUP event_id=7 name=nil list_size=2
[20:37:56.246] INTERP_SETUP event_id=0 name=nil list_size=5
[20:37:56.261] INTERP_SETUP event_id=7 name=nil list_size=2
[20:37:56.262] INTERP_SETUP event_id=0 name=nil list_size=5
[20:37:56.278] INTERP_SETUP event_id=7 name=nil list_size=2
[20:37:56.279] INTERP_SETUP event_id=0 name=nil list_size=5
[20:37:56.294] INTERP_SETUP event_id=7 name=nil list_size=2
[20:37:56.296] INTERP_SETUP event_id=0 name=nil list_size=5
[20:37:56.311] INTERP_SETUP event_id=7 name=nil list_size=2
[20:37:56.312] INTERP_SETUP event_id=0 name=nil list_size=5
[20:37:56.328] INTERP_SETUP event_id=7 name=nil list_size=2
[20:37:56.328] INTERP_SETUP event_id=0 name=nil list_size=5
[20:37:56.345] INTERP_SETUP event_id=7 name=nil list_size=2
[20:37:56.345] INTERP_SETUP event_id=0 name=nil list_size=5
[20:37:56.362] INTERP_SETUP event_id=7 name=nil list_size=2
[20:37:56.364] INTERP_SETUP event_id=0 name=nil list_size=5
[20:37:56.378] INTERP_SETUP event_id=7 name=nil list_size=2
[20:37:56.379] INTERP_SETUP event_id=0 name=nil list_size=5
[20:37:56.395] INTERP_SETUP event_id=7 name=nil list_size=2
[20:37:56.396] INTERP_SETUP event_id=0 name=nil list_size=5
[20:37:56.411] INTERP_SETUP event_id=7 name=nil list_size=2
[20:37:56.412] INTERP_SETUP event_id=0 name=nil list_size=5
[20:37:56.428] INTERP_SETUP event_id=7 name=nil list_size=2
[20:37:56.429] INTERP_SETUP event_id=0 name=nil list_size=5
[20:37:56.445] INTERP_SETUP event_id=7 name=nil list_size=2
[20:37:56.445] INTERP_SETUP event_id=0 name=nil list_size=5
[20:37:56.461] INTERP_SETUP event_id=7 name=nil list_size=2
[20:37:56.462] INTERP_SETUP event_id=0 name=nil list_size=5
[20:37:56.478] INTERP_SETUP event_id=7 name=nil list_size=2
[20:37:56.479] INTERP_SETUP event_id=0 name=nil list_size=5
[20:37:56.494] INTERP_SETUP event_id=7 name=nil list_size=2
[20:37:56.495] INTERP_SETUP event_id=0 name=nil list_size=5
[20:37:56.511] INTERP_SETUP event_id=7 name=nil list_size=2
[20:37:56.512] INTERP_SETUP event_id=0 name=nil list_size=5
[20:37:56.528] INTERP_SETUP event_id=7 name=nil list_size=2
[20:37:56.528] INTERP_SETUP event_id=0 name=nil list_size=5
[20:37:56.544] INTERP_SETUP event_id=7 name=nil list_size=2
[20:37:56.545] INTERP_SETUP event_id=0 name=nil list_size=5
[20:37:56.561] INTERP_SETUP event_id=7 name=nil list_size=2
[20:37:56.562] INTERP_SETUP event_id=0 name=nil list_size=5
[20:37:56.578] INTERP_SETUP event_id=7 name=nil list_size=2
[20:37:56.579] INTERP_SETUP event_id=0 name=nil list_size=5
[20:37:56.595] INTERP_SETUP event_id=7 name=nil list_size=2
[20:37:56.596] INTERP_SETUP event_id=0 name=nil list_size=5
[20:37:56.611] INTERP_SETUP event_id=7 name=nil list_size=2
[20:37:56.612] INTERP_SETUP event_id=0 name=nil list_size=5
[20:37:56.628] INTERP_SETUP event_id=7 name=nil list_size=2
[20:37:56.628] INTERP_SETUP event_id=0 name=nil list_size=5
[20:37:56.644] INTERP_SETUP event_id=7 name=nil list_size=2
[20:37:56.645] INTERP_SETUP event_id=0 name=nil list_size=5
[20:37:56.661] INTERP_SETUP event_id=7 name=nil list_size=2
[20:37:56.662] INTERP_SETUP event_id=0 name=nil list_size=5
[20:37:56.678] INTERP_SETUP event_id=7 name=nil list_size=2
[20:37:56.679] INTERP_SETUP event_id=0 name=nil list_size=5
[20:37:56.695] INTERP_SETUP event_id=7 name=nil list_size=2
[20:37:56.696] INTERP_SETUP event_id=0 name=nil list_size=5
[20:37:56.711] INTERP_SETUP event_id=7 name=nil list_size=2
[20:37:56.712] INTERP_SETUP event_id=0 name=nil list_size=5
[20:37:56.728] INTERP_SETUP event_id=7 name=nil list_size=2
[20:37:56.729] INTERP_SETUP event_id=0 name=nil list_size=5
[20:37:56.744] INTERP_SETUP event_id=7 name=nil list_size=2
[20:37:56.745] INTERP_SETUP event_id=0 name=nil list_size=5
[20:37:56.761] INTERP_SETUP event_id=7 name=nil list_size=2
[20:37:56.762] INTERP_SETUP event_id=0 name=nil list_size=5
[20:37:56.778] INTERP_SETUP event_id=7 name=nil list_size=2
[20:37:56.779] INTERP_SETUP event_id=0 name=nil list_size=5
[20:37:56.795] INTERP_SETUP event_id=7 name=nil list_size=2
[20:37:56.796] INTERP_SETUP event_id=0 name=nil list_size=5
[20:37:56.811] INTERP_SETUP event_id=7 name=nil list_size=2
[20:37:56.812] INTERP_SETUP event_id=0 name=nil list_size=5
[20:37:56.828] INTERP_SETUP event_id=7 name=nil list_size=2
[20:37:56.829] INTERP_SETUP event_id=0 name=nil list_size=5
[20:37:56.844] INTERP_SETUP event_id=7 name=nil list_size=2
[20:37:56.845] INTERP_SETUP event_id=0 name=nil list_size=5
[20:37:56.861] INTERP_SETUP event_id=7 name=nil list_size=2
[20:37:56.862] INTERP_SETUP event_id=0 name=nil list_size=5
[20:37:56.878] INTERP_SETUP event_id=7 name=nil list_size=2
[20:37:56.879] INTERP_SETUP event_id=0 name=nil list_size=5
[20:37:56.894] INTERP_SETUP event_id=7 name=nil list_size=2
[20:37:56.895] INTERP_SETUP event_id=0 name=nil list_size=5
[20:37:56.911] INTERP_SETUP event_id=7 name=nil list_size=2
[20:37:56.912] INTERP_SETUP event_id=0 name=nil list_size=5
[20:37:56.928] INTERP_SETUP event_id=7 name=nil list_size=2
[20:37:56.929] INTERP_SETUP event_id=0 name=nil list_size=5
[20:37:56.944] INTERP_SETUP event_id=7 name=nil list_size=2
[20:37:56.945] INTERP_SETUP event_id=0 name=nil list_size=5
[20:37:56.961] INTERP_SETUP event_id=7 name=nil list_size=2
[20:37:56.962] INTERP_SETUP event_id=0 name=nil list_size=5
[20:37:56.978] INTERP_SETUP event_id=7 name=nil list_size=2
[20:37:56.979] INTERP_SETUP event_id=0 name=nil list_size=5
[20:37:56.995] INTERP_SETUP event_id=7 name=nil list_size=2
[20:37:56.996] INTERP_SETUP event_id=0 name=nil list_size=5
[20:37:57.011] INTERP_SETUP event_id=7 name=nil list_size=2
[20:37:57.012] INTERP_SETUP event_id=0 name=nil list_size=5
[20:37:57.028] INTERP_SETUP event_id=7 name=nil list_size=2
[20:37:57.029] INTERP_SETUP event_id=0 name=nil list_size=5
[20:37:57.044] INTERP_SETUP event_id=7 name=nil list_size=2
[20:37:57.045] INTERP_SETUP event_id=0 name=nil list_size=5
[20:37:57.061] INTERP_SETUP event_id=7 name=nil list_size=2
[20:37:57.062] INTERP_SETUP event_id=0 name=nil list_size=5
[20:37:57.078] INTERP_SETUP event_id=7 name=nil list_size=2
[20:37:57.079] INTERP_SETUP event_id=0 name=nil list_size=5
[20:37:57.094] INTERP_SETUP event_id=7 name=nil list_size=2
[20:37:57.095] INTERP_SETUP event_id=0 name=nil list_size=5
[20:37:57.111] INTERP_SETUP event_id=7 name=nil list_size=2
[20:37:57.112] INTERP_SETUP event_id=0 name=nil list_size=5
[20:37:57.128] INTERP_SETUP event_id=7 name=nil list_size=2
[20:37:57.129] INTERP_SETUP event_id=0 name=nil list_size=5
[20:37:57.144] INTERP_SETUP event_id=7 name=nil list_size=2
[20:37:57.145] INTERP_SETUP event_id=0 name=nil list_size=5
[20:37:57.161] INTERP_SETUP event_id=7 name=nil list_size=2
[20:37:57.162] INTERP_SETUP event_id=0 name=nil list_size=5
[20:37:57.178] INTERP_SETUP event_id=7 name=nil list_size=2
[20:37:57.179] INTERP_SETUP event_id=0 name=nil list_size=5
[20:37:57.195] INTERP_SETUP event_id=7 name=nil list_size=2
[20:37:57.196] INTERP_SETUP event_id=0 name=nil list_size=5
[20:37:57.211] INTERP_SETUP event_id=7 name=nil list_size=2
[20:37:57.212] INTERP_SETUP event_id=0 name=nil list_size=5
[20:37:57.228] INTERP_SETUP event_id=7 name=nil list_size=2
[20:37:57.229] INTERP_SETUP event_id=0 name=nil list_size=5
[20:37:57.245] INTERP_SETUP event_id=7 name=nil list_size=2
[20:37:57.245] INTERP_SETUP event_id=0 name=nil list_size=5
[20:37:57.261] INTERP_SETUP event_id=7 name=nil list_size=2
[20:37:57.262] INTERP_SETUP event_id=0 name=nil list_size=5
[20:37:57.277] INTERP_SETUP event_id=7 name=nil list_size=2
[20:37:57.278] INTERP_SETUP event_id=0 name=nil list_size=5
[20:37:57.295] INTERP_SETUP event_id=7 name=nil list_size=2
[20:37:57.296] INTERP_SETUP event_id=0 name=nil list_size=5
[20:37:57.311] INTERP_SETUP event_id=7 name=nil list_size=2
[20:37:57.312] INTERP_SETUP event_id=0 name=nil list_size=5
[20:37:57.328] INTERP_SETUP event_id=7 name=nil list_size=2
[20:37:57.329] INTERP_SETUP event_id=0 name=nil list_size=5
[20:37:57.344] INTERP_SETUP event_id=7 name=nil list_size=2
[20:37:57.345] INTERP_SETUP event_id=0 name=nil list_size=5
[20:37:57.361] INTERP_SETUP event_id=7 name=nil list_size=2
[20:37:57.362] INTERP_SETUP event_id=0 name=nil list_size=5
[20:37:57.378] INTERP_SETUP event_id=7 name=nil list_size=2
[20:37:57.379] INTERP_SETUP event_id=0 name=nil list_size=5
[20:37:57.394] INTERP_SETUP event_id=7 name=nil list_size=2
[20:37:57.395] INTERP_SETUP event_id=0 name=nil list_size=5
[20:37:57.411] INTERP_SETUP event_id=7 name=nil list_size=2
[20:37:57.412] INTERP_SETUP event_id=0 name=nil list_size=5
[20:37:57.428] INTERP_SETUP event_id=7 name=nil list_size=2
[20:37:57.429] INTERP_SETUP event_id=0 name=nil list_size=5
[20:37:57.444] INTERP_SETUP event_id=7 name=nil list_size=2
[20:37:57.445] INTERP_SETUP event_id=0 name=nil list_size=5
[20:37:57.461] INTERP_SETUP event_id=7 name=nil list_size=2
[20:37:57.462] INTERP_SETUP event_id=0 name=nil list_size=5
[20:37:57.478] INTERP_SETUP event_id=7 name=nil list_size=2
[20:37:57.479] INTERP_SETUP event_id=0 name=nil list_size=5
[20:37:57.495] INTERP_SETUP event_id=7 name=nil list_size=2
[20:37:57.495] INTERP_SETUP event_id=0 name=nil list_size=5
[20:37:57.511] INTERP_SETUP event_id=7 name=nil list_size=2
[20:37:57.512] INTERP_SETUP event_id=0 name=nil list_size=5
[20:37:57.528] INTERP_SETUP event_id=7 name=nil list_size=2
[20:37:57.529] INTERP_SETUP event_id=0 name=nil list_size=5
[20:37:57.544] INTERP_SETUP event_id=7 name=nil list_size=2
[20:37:57.545] INTERP_SETUP event_id=0 name=nil list_size=5
[20:37:57.561] INTERP_SETUP event_id=7 name=nil list_size=2
[20:37:57.562] INTERP_SETUP event_id=0 name=nil list_size=5
[20:37:57.578] INTERP_SETUP event_id=7 name=nil list_size=2
[20:37:57.578] INTERP_SETUP event_id=0 name=nil list_size=5
[20:37:57.594] INTERP_SETUP event_id=7 name=nil list_size=2
[20:37:57.595] INTERP_SETUP event_id=0 name=nil list_size=5
[20:37:57.611] INTERP_SETUP event_id=7 name=nil list_size=2
[20:37:57.612] INTERP_SETUP event_id=0 name=nil list_size=5
[20:37:57.628] INTERP_SETUP event_id=7 name=nil list_size=2
[20:37:57.629] INTERP_SETUP event_id=0 name=nil list_size=5
[20:37:57.645] INTERP_SETUP event_id=7 name=nil list_size=2
[20:37:57.646] INTERP_SETUP event_id=0 name=nil list_size=5
[20:37:57.661] INTERP_SETUP event_id=7 name=nil list_size=2
[20:37:57.662] INTERP_SETUP event_id=0 name=nil list_size=5
[20:37:57.678] INTERP_SETUP event_id=7 name=nil list_size=2
[20:37:57.679] INTERP_SETUP event_id=0 name=nil list_size=5
[20:37:57.695] INTERP_SETUP event_id=7 name=nil list_size=2
[20:37:57.696] INTERP_SETUP event_id=0 name=nil list_size=5
[20:37:57.711] INTERP_SETUP event_id=7 name=nil list_size=2
[20:37:57.712] INTERP_SETUP event_id=0 name=nil list_size=5
[20:37:57.728] INTERP_SETUP event_id=7 name=nil list_size=2
[20:37:57.729] INTERP_SETUP event_id=0 name=nil list_size=5
[20:37:57.745] INTERP_SETUP event_id=7 name=nil list_size=2
[20:37:57.746] INTERP_SETUP event_id=0 name=nil list_size=5
[20:37:57.761] INTERP_SETUP event_id=7 name=nil list_size=2
[20:37:57.762] INTERP_SETUP event_id=0 name=nil list_size=5
[20:37:57.778] INTERP_SETUP event_id=7 name=nil list_size=2
[20:37:57.779] INTERP_SETUP event_id=0 name=nil list_size=5
[20:37:57.795] INTERP_SETUP event_id=7 name=nil list_size=2
[20:37:57.795] INTERP_SETUP event_id=0 name=nil list_size=5
[20:37:57.811] INTERP_SETUP event_id=7 name=nil list_size=2
[20:37:57.812] INTERP_SETUP event_id=0 name=nil list_size=5
[20:37:57.828] INTERP_SETUP event_id=7 name=nil list_size=2
[20:37:57.829] INTERP_SETUP event_id=0 name=nil list_size=5
[20:37:57.845] INTERP_SETUP event_id=7 name=nil list_size=2
[20:37:57.846] INTERP_SETUP event_id=0 name=nil list_size=5
[20:37:57.861] INTERP_SETUP event_id=7 name=nil list_size=2
[20:37:57.862] INTERP_SETUP event_id=0 name=nil list_size=5
[20:37:57.878] INTERP_SETUP event_id=7 name=nil list_size=2
[20:37:57.879] INTERP_SETUP event_id=0 name=nil list_size=5
[20:37:57.894] INTERP_SETUP event_id=7 name=nil list_size=2
[20:37:57.895] INTERP_SETUP event_id=0 name=nil list_size=5
[20:37:57.912] INTERP_SETUP event_id=7 name=nil list_size=2
[20:37:57.913] INTERP_SETUP event_id=0 name=nil list_size=5
[20:37:57.928] INTERP_SETUP event_id=7 name=nil list_size=2
[20:37:57.929] INTERP_SETUP event_id=0 name=nil list_size=5
[20:37:57.947] INTERP_SETUP event_id=7 name=nil list_size=2
[20:37:57.948] INTERP_SETUP event_id=0 name=nil list_size=5
[20:37:57.961] INTERP_SETUP event_id=7 name=nil list_size=2
[20:37:57.962] INTERP_SETUP event_id=0 name=nil list_size=5
[20:37:57.978] INTERP_SETUP event_id=7 name=nil list_size=2
[20:37:57.979] INTERP_SETUP event_id=0 name=nil list_size=5
[20:37:57.994] INTERP_SETUP event_id=7 name=nil list_size=2
[20:37:57.995] INTERP_SETUP event_id=0 name=nil list_size=5
[20:37:58.011] INTERP_SETUP event_id=7 name=nil list_size=2
[20:37:58.012] INTERP_SETUP event_id=0 name=nil list_size=5
[20:37:58.028] INTERP_SETUP event_id=7 name=nil list_size=2
[20:37:58.028] INTERP_SETUP event_id=0 name=nil list_size=5
[20:37:58.044] INTERP_SETUP event_id=7 name=nil list_size=2
[20:37:58.045] INTERP_SETUP event_id=0 name=nil list_size=5
[20:37:58.061] INTERP_SETUP event_id=7 name=nil list_size=2
[20:37:58.062] INTERP_SETUP event_id=0 name=nil list_size=5
[20:37:58.078] INTERP_SETUP event_id=7 name=nil list_size=2
[20:37:58.079] INTERP_SETUP event_id=0 name=nil list_size=5
[20:37:58.094] INTERP_SETUP event_id=7 name=nil list_size=2
[20:37:58.095] INTERP_SETUP event_id=0 name=nil list_size=5
[20:37:58.111] INTERP_SETUP event_id=7 name=nil list_size=2
[20:37:58.112] INTERP_SETUP event_id=0 name=nil list_size=5
[20:37:58.128] INTERP_SETUP event_id=7 name=nil list_size=2
[20:37:58.129] INTERP_SETUP event_id=0 name=nil list_size=5
[20:37:58.145] INTERP_SETUP event_id=7 name=nil list_size=2
[20:37:58.145] INTERP_SETUP event_id=0 name=nil list_size=5
[20:37:58.161] INTERP_SETUP event_id=7 name=nil list_size=2
[20:37:58.162] INTERP_SETUP event_id=0 name=nil list_size=5
[20:37:58.178] INTERP_SETUP event_id=7 name=nil list_size=2
[20:37:58.179] INTERP_SETUP event_id=0 name=nil list_size=5
[20:37:58.194] INTERP_SETUP event_id=7 name=nil list_size=2
[20:37:58.195] INTERP_SETUP event_id=0 name=nil list_size=5
[20:37:58.211] INTERP_SETUP event_id=7 name=nil list_size=2
[20:37:58.212] INTERP_SETUP event_id=0 name=nil list_size=5
[20:37:58.228] INTERP_SETUP event_id=7 name=nil list_size=2
[20:37:58.229] INTERP_SETUP event_id=0 name=nil list_size=5
[20:37:58.245] INTERP_SETUP event_id=7 name=nil list_size=2
[20:37:58.245] INTERP_SETUP event_id=0 name=nil list_size=5
[20:37:58.261] INTERP_SETUP event_id=7 name=nil list_size=2
[20:37:58.262] INTERP_SETUP event_id=0 name=nil list_size=5
[20:37:58.278] INTERP_SETUP event_id=7 name=nil list_size=2
[20:37:58.278] INTERP_SETUP event_id=0 name=nil list_size=5
[20:37:58.294] INTERP_SETUP event_id=7 name=nil list_size=2
[20:37:58.295] INTERP_SETUP event_id=0 name=nil list_size=5
[20:37:58.312] INTERP_SETUP event_id=7 name=nil list_size=2
[20:37:58.313] INTERP_SETUP event_id=0 name=nil list_size=5
[20:37:58.328] INTERP_SETUP event_id=7 name=nil list_size=2
[20:37:58.329] INTERP_SETUP event_id=0 name=nil list_size=5
[20:37:58.344] INTERP_SETUP event_id=7 name=nil list_size=2
[20:37:58.345] INTERP_SETUP event_id=0 name=nil list_size=5
[20:37:58.361] INTERP_SETUP event_id=7 name=nil list_size=2
[20:37:58.362] INTERP_SETUP event_id=0 name=nil list_size=5
[20:37:58.377] INTERP_SETUP event_id=7 name=nil list_size=2
[20:37:58.378] INTERP_SETUP event_id=0 name=nil list_size=5
[20:37:58.394] INTERP_SETUP event_id=7 name=nil list_size=2
[20:37:58.395] INTERP_SETUP event_id=0 name=nil list_size=5
[20:37:58.411] INTERP_SETUP event_id=7 name=nil list_size=2
[20:37:58.412] INTERP_SETUP event_id=0 name=nil list_size=5
[20:37:58.428] INTERP_SETUP event_id=7 name=nil list_size=2
[20:37:58.429] INTERP_SETUP event_id=0 name=nil list_size=5
[20:37:58.445] INTERP_SETUP event_id=7 name=nil list_size=2
[20:37:58.446] INTERP_SETUP event_id=0 name=nil list_size=5
[20:37:58.461] INTERP_SETUP event_id=7 name=nil list_size=2
[20:37:58.462] INTERP_SETUP event_id=0 name=nil list_size=5
[20:37:58.478] INTERP_SETUP event_id=7 name=nil list_size=2
[20:37:58.479] INTERP_SETUP event_id=0 name=nil list_size=5
[20:37:58.495] INTERP_SETUP event_id=7 name=nil list_size=2
[20:37:58.496] INTERP_SETUP event_id=0 name=nil list_size=5
[20:37:58.511] INTERP_SETUP event_id=7 name=nil list_size=2
[20:37:58.512] INTERP_SETUP event_id=0 name=nil list_size=5
[20:37:58.528] INTERP_SETUP event_id=7 name=nil list_size=2
[20:37:58.529] INTERP_SETUP event_id=0 name=nil list_size=5
[20:37:58.545] INTERP_SETUP event_id=7 name=nil list_size=2
[20:37:58.546] INTERP_SETUP event_id=0 name=nil list_size=5
[20:37:58.562] INTERP_SETUP event_id=7 name=nil list_size=2
[20:37:58.563] INTERP_SETUP event_id=0 name=nil list_size=5
[20:37:58.578] INTERP_SETUP event_id=7 name=nil list_size=2
[20:37:58.579] INTERP_SETUP event_id=0 name=nil list_size=5
[20:37:58.594] INTERP_SETUP event_id=7 name=nil list_size=2
[20:37:58.595] INTERP_SETUP event_id=0 name=nil list_size=5
[20:37:58.611] INTERP_SETUP event_id=7 name=nil list_size=2
[20:37:58.612] INTERP_SETUP event_id=0 name=nil list_size=5
[20:37:58.627] INTERP_SETUP event_id=7 name=nil list_size=2
[20:37:58.628] INTERP_SETUP event_id=0 name=nil list_size=5
[20:37:58.644] INTERP_SETUP event_id=7 name=nil list_size=2
[20:37:58.645] INTERP_SETUP event_id=0 name=nil list_size=5
[20:37:58.661] INTERP_SETUP event_id=7 name=nil list_size=2
[20:37:58.662] INTERP_SETUP event_id=0 name=nil list_size=5
[20:37:58.678] INTERP_SETUP event_id=7 name=nil list_size=2
[20:37:58.678] INTERP_SETUP event_id=0 name=nil list_size=5
[20:37:58.695] INTERP_SETUP event_id=7 name=nil list_size=2
[20:37:58.696] INTERP_SETUP event_id=0 name=nil list_size=5
[20:37:58.711] INTERP_SETUP event_id=7 name=nil list_size=2
[20:37:58.712] INTERP_SETUP event_id=0 name=nil list_size=5
[20:37:58.727] INTERP_SETUP event_id=7 name=nil list_size=2
[20:37:58.728] INTERP_SETUP event_id=0 name=nil list_size=5
[20:37:58.744] INTERP_SETUP event_id=7 name=nil list_size=2
[20:37:58.745] INTERP_SETUP event_id=0 name=nil list_size=5
[20:37:58.761] INTERP_SETUP event_id=7 name=nil list_size=2
[20:37:58.762] INTERP_SETUP event_id=0 name=nil list_size=5
[20:37:58.778] INTERP_SETUP event_id=7 name=nil list_size=2
[20:37:58.779] INTERP_SETUP event_id=0 name=nil list_size=5
[20:37:58.794] INTERP_SETUP event_id=7 name=nil list_size=2
[20:37:58.795] INTERP_SETUP event_id=0 name=nil list_size=5
[20:37:58.811] INTERP_SETUP event_id=7 name=nil list_size=2
[20:37:58.812] INTERP_SETUP event_id=0 name=nil list_size=5
[20:37:58.828] INTERP_SETUP event_id=7 name=nil list_size=2
[20:37:58.829] INTERP_SETUP event_id=0 name=nil list_size=5
[20:37:58.845] INTERP_SETUP event_id=7 name=nil list_size=2
[20:37:58.846] INTERP_SETUP event_id=0 name=nil list_size=5
[20:37:58.861] INTERP_SETUP event_id=7 name=nil list_size=2
[20:37:58.863] INTERP_SETUP event_id=0 name=nil list_size=5
[20:37:58.878] INTERP_SETUP event_id=7 name=nil list_size=2
[20:37:58.879] INTERP_SETUP event_id=0 name=nil list_size=5
[20:37:58.894] INTERP_SETUP event_id=7 name=nil list_size=2
[20:37:58.896] INTERP_SETUP event_id=0 name=nil list_size=5
[20:37:58.911] INTERP_SETUP event_id=7 name=nil list_size=2
[20:37:58.912] INTERP_SETUP event_id=0 name=nil list_size=5
[20:37:58.928] INTERP_SETUP event_id=7 name=nil list_size=2
[20:37:58.929] INTERP_SETUP event_id=0 name=nil list_size=5
[20:37:58.945] INTERP_SETUP event_id=7 name=nil list_size=2
[20:37:58.946] INTERP_SETUP event_id=0 name=nil list_size=5
[20:37:58.961] INTERP_SETUP event_id=7 name=nil list_size=2
[20:37:58.962] INTERP_SETUP event_id=0 name=nil list_size=5
[20:37:58.978] INTERP_SETUP event_id=7 name=nil list_size=2
[20:37:58.979] INTERP_SETUP event_id=0 name=nil list_size=5
[20:37:58.994] INTERP_SETUP event_id=7 name=nil list_size=2
[20:37:58.995] INTERP_SETUP event_id=0 name=nil list_size=5
[20:37:59.011] INTERP_SETUP event_id=7 name=nil list_size=2
[20:37:59.012] INTERP_SETUP event_id=0 name=nil list_size=5
[20:37:59.028] INTERP_SETUP event_id=7 name=nil list_size=2
[20:37:59.029] INTERP_SETUP event_id=0 name=nil list_size=5
[20:37:59.045] INTERP_SETUP event_id=7 name=nil list_size=2
[20:37:59.046] INTERP_SETUP event_id=0 name=nil list_size=5
[20:37:59.061] INTERP_SETUP event_id=7 name=nil list_size=2
[20:37:59.062] INTERP_SETUP event_id=0 name=nil list_size=5
[20:37:59.078] INTERP_SETUP event_id=7 name=nil list_size=2
[20:37:59.079] INTERP_SETUP event_id=0 name=nil list_size=5
[20:37:59.095] INTERP_SETUP event_id=7 name=nil list_size=2
[20:37:59.096] INTERP_SETUP event_id=0 name=nil list_size=5
[20:37:59.112] INTERP_SETUP event_id=7 name=nil list_size=2
[20:37:59.114] INTERP_SETUP event_id=0 name=nil list_size=5
[20:37:59.128] INTERP_SETUP event_id=7 name=nil list_size=2
[20:37:59.129] INTERP_SETUP event_id=0 name=nil list_size=5
[20:37:59.144] INTERP_SETUP event_id=7 name=nil list_size=2
[20:37:59.145] INTERP_SETUP event_id=0 name=nil list_size=5
[20:37:59.165] INTERP_SETUP event_id=7 name=nil list_size=2
[20:37:59.166] INTERP_SETUP event_id=0 name=nil list_size=5
[20:37:59.178] INTERP_SETUP event_id=7 name=nil list_size=2
[20:37:59.179] INTERP_SETUP event_id=0 name=nil list_size=5
[20:37:59.194] INTERP_SETUP event_id=7 name=nil list_size=2
[20:37:59.195] INTERP_SETUP event_id=0 name=nil list_size=5
[20:37:59.211] INTERP_SETUP event_id=7 name=nil list_size=2
[20:37:59.211] INTERP_SETUP event_id=0 name=nil list_size=5
[20:37:59.228] INTERP_SETUP event_id=7 name=nil list_size=2
[20:37:59.229] INTERP_SETUP event_id=0 name=nil list_size=5
[20:37:59.244] INTERP_SETUP event_id=7 name=nil list_size=2
[20:37:59.245] INTERP_SETUP event_id=0 name=nil list_size=5
[20:37:59.261] INTERP_SETUP event_id=7 name=nil list_size=2
[20:37:59.262] INTERP_SETUP event_id=0 name=nil list_size=5
[20:37:59.278] INTERP_SETUP event_id=7 name=nil list_size=2
[20:37:59.279] INTERP_SETUP event_id=0 name=nil list_size=5
[20:37:59.294] INTERP_SETUP event_id=7 name=nil list_size=2
[20:37:59.295] INTERP_SETUP event_id=0 name=nil list_size=5
[20:37:59.311] INTERP_SETUP event_id=7 name=nil list_size=2
[20:37:59.312] INTERP_SETUP event_id=0 name=nil list_size=5
[20:37:59.328] INTERP_SETUP event_id=7 name=nil list_size=2
[20:37:59.329] INTERP_SETUP event_id=0 name=nil list_size=5
[20:37:59.345] INTERP_SETUP event_id=7 name=nil list_size=2
[20:37:59.345] INTERP_SETUP event_id=0 name=nil list_size=5
[20:37:59.361] INTERP_SETUP event_id=7 name=nil list_size=2
[20:37:59.362] INTERP_SETUP event_id=0 name=nil list_size=5
[20:37:59.378] INTERP_SETUP event_id=7 name=nil list_size=2
[20:37:59.378] INTERP_SETUP event_id=0 name=nil list_size=5
[20:37:59.394] INTERP_SETUP event_id=7 name=nil list_size=2
[20:37:59.395] INTERP_SETUP event_id=0 name=nil list_size=5
[20:37:59.411] INTERP_SETUP event_id=7 name=nil list_size=2
[20:37:59.412] INTERP_SETUP event_id=0 name=nil list_size=5
[20:37:59.428] INTERP_SETUP event_id=7 name=nil list_size=2
[20:37:59.429] INTERP_SETUP event_id=0 name=nil list_size=5
[20:37:59.444] INTERP_SETUP event_id=7 name=nil list_size=2
[20:37:59.445] INTERP_SETUP event_id=0 name=nil list_size=5
[20:37:59.461] INTERP_SETUP event_id=7 name=nil list_size=2
[20:37:59.462] INTERP_SETUP event_id=0 name=nil list_size=5
[20:37:59.478] INTERP_SETUP event_id=7 name=nil list_size=2
[20:37:59.479] INTERP_SETUP event_id=0 name=nil list_size=5
[20:37:59.494] INTERP_SETUP event_id=7 name=nil list_size=2
[20:37:59.495] INTERP_SETUP event_id=0 name=nil list_size=5
[20:37:59.511] INTERP_SETUP event_id=7 name=nil list_size=2
[20:37:59.512] INTERP_SETUP event_id=0 name=nil list_size=5
[20:37:59.527] INTERP_SETUP event_id=7 name=nil list_size=2
[20:37:59.528] INTERP_SETUP event_id=0 name=nil list_size=5
[20:37:59.545] INTERP_SETUP event_id=7 name=nil list_size=2
[20:37:59.546] INTERP_SETUP event_id=0 name=nil list_size=5
[20:37:59.561] INTERP_SETUP event_id=7 name=nil list_size=2
[20:37:59.562] INTERP_SETUP event_id=0 name=nil list_size=5
[20:37:59.578] INTERP_SETUP event_id=7 name=nil list_size=2
[20:37:59.579] INTERP_SETUP event_id=0 name=nil list_size=5
[20:37:59.594] INTERP_SETUP event_id=7 name=nil list_size=2
[20:37:59.595] INTERP_SETUP event_id=0 name=nil list_size=5
[20:37:59.611] INTERP_SETUP event_id=7 name=nil list_size=2
[20:37:59.612] INTERP_SETUP event_id=0 name=nil list_size=5
[20:37:59.628] INTERP_SETUP event_id=7 name=nil list_size=2
[20:37:59.629] INTERP_SETUP event_id=0 name=nil list_size=5
[20:37:59.645] INTERP_SETUP event_id=7 name=nil list_size=2
[20:37:59.646] INTERP_SETUP event_id=0 name=nil list_size=5
[20:37:59.661] INTERP_SETUP event_id=7 name=nil list_size=2
[20:37:59.662] INTERP_SETUP event_id=0 name=nil list_size=5
[20:37:59.678] INTERP_SETUP event_id=7 name=nil list_size=2
[20:37:59.679] INTERP_SETUP event_id=0 name=nil list_size=5
[20:37:59.694] INTERP_SETUP event_id=7 name=nil list_size=2
[20:37:59.695] INTERP_SETUP event_id=0 name=nil list_size=5
[20:37:59.711] INTERP_SETUP event_id=7 name=nil list_size=2
[20:37:59.712] INTERP_SETUP event_id=0 name=nil list_size=5
[20:37:59.728] INTERP_SETUP event_id=7 name=nil list_size=2
[20:37:59.729] INTERP_SETUP event_id=0 name=nil list_size=5
[20:37:59.744] INTERP_SETUP event_id=7 name=nil list_size=2
[20:37:59.745] INTERP_SETUP event_id=0 name=nil list_size=5
[20:37:59.761] INTERP_SETUP event_id=7 name=nil list_size=2
[20:37:59.762] INTERP_SETUP event_id=0 name=nil list_size=5
[20:37:59.778] INTERP_SETUP event_id=7 name=nil list_size=2
[20:37:59.779] INTERP_SETUP event_id=0 name=nil list_size=5
[20:37:59.794] INTERP_SETUP event_id=7 name=nil list_size=2
[20:37:59.795] INTERP_SETUP event_id=0 name=nil list_size=5
[20:37:59.811] INTERP_SETUP event_id=7 name=nil list_size=2
[20:37:59.812] INTERP_SETUP event_id=0 name=nil list_size=5
[20:37:59.827] INTERP_SETUP event_id=7 name=nil list_size=2
[20:37:59.828] INTERP_SETUP event_id=0 name=nil list_size=5
[20:37:59.844] INTERP_SETUP event_id=7 name=nil list_size=2
[20:37:59.845] INTERP_SETUP event_id=0 name=nil list_size=5
[20:37:59.861] INTERP_SETUP event_id=7 name=nil list_size=2
[20:37:59.862] INTERP_SETUP event_id=0 name=nil list_size=5
[20:37:59.878] INTERP_SETUP event_id=7 name=nil list_size=2
[20:37:59.878] INTERP_SETUP event_id=0 name=nil list_size=5
[20:37:59.895] INTERP_SETUP event_id=7 name=nil list_size=2
[20:37:59.896] INTERP_SETUP event_id=0 name=nil list_size=5
[20:37:59.912] INTERP_SETUP event_id=7 name=nil list_size=2
[20:37:59.913] INTERP_SETUP event_id=0 name=nil list_size=5
[20:37:59.928] INTERP_SETUP event_id=7 name=nil list_size=2
[20:37:59.929] INTERP_SETUP event_id=0 name=nil list_size=5
[20:37:59.944] INTERP_SETUP event_id=7 name=nil list_size=2
[20:37:59.945] INTERP_SETUP event_id=0 name=nil list_size=5
[20:37:59.961] INTERP_SETUP event_id=7 name=nil list_size=2
[20:37:59.962] INTERP_SETUP event_id=0 name=nil list_size=5
[20:37:59.978] INTERP_SETUP event_id=7 name=nil list_size=2
[20:37:59.979] INTERP_SETUP event_id=0 name=nil list_size=5
[20:37:59.994] INTERP_SETUP event_id=7 name=nil list_size=2
[20:37:59.995] INTERP_SETUP event_id=0 name=nil list_size=5
[20:38:00.011] INTERP_SETUP event_id=7 name=nil list_size=2
[20:38:00.012] INTERP_SETUP event_id=0 name=nil list_size=5
[20:38:00.027] INTERP_SETUP event_id=7 name=nil list_size=2
[20:38:00.028] INTERP_SETUP event_id=0 name=nil list_size=5
[20:38:00.044] INTERP_SETUP event_id=7 name=nil list_size=2
[20:38:00.045] INTERP_SETUP event_id=0 name=nil list_size=5
[20:38:00.061] INTERP_SETUP event_id=7 name=nil list_size=2
[20:38:00.062] INTERP_SETUP event_id=0 name=nil list_size=5
[20:38:00.078] INTERP_SETUP event_id=7 name=nil list_size=2
[20:38:00.079] INTERP_SETUP event_id=0 name=nil list_size=5
[20:38:00.094] INTERP_SETUP event_id=7 name=nil list_size=2
[20:38:00.095] INTERP_SETUP event_id=0 name=nil list_size=5
[20:38:00.111] INTERP_SETUP event_id=7 name=nil list_size=2
[20:38:00.112] INTERP_SETUP event_id=0 name=nil list_size=5
[20:38:00.128] INTERP_SETUP event_id=7 name=nil list_size=2
[20:38:00.129] INTERP_SETUP event_id=0 name=nil list_size=5
[20:38:00.145] INTERP_SETUP event_id=7 name=nil list_size=2
[20:38:00.145] INTERP_SETUP event_id=0 name=nil list_size=5
[20:38:00.161] INTERP_SETUP event_id=7 name=nil list_size=2
[20:38:00.162] INTERP_SETUP event_id=0 name=nil list_size=5
[20:38:00.178] INTERP_SETUP event_id=7 name=nil list_size=2
[20:38:00.179] INTERP_SETUP event_id=0 name=nil list_size=5
[20:38:00.194] INTERP_SETUP event_id=7 name=nil list_size=2
[20:38:00.195] INTERP_SETUP event_id=0 name=nil list_size=5
[20:38:00.211] INTERP_SETUP event_id=7 name=nil list_size=2
[20:38:00.212] INTERP_SETUP event_id=0 name=nil list_size=5
[20:38:00.227] INTERP_SETUP event_id=7 name=nil list_size=2
[20:38:00.228] INTERP_SETUP event_id=0 name=nil list_size=5
[20:38:00.244] INTERP_SETUP event_id=7 name=nil list_size=2
[20:38:00.245] INTERP_SETUP event_id=0 name=nil list_size=5
[20:38:00.261] INTERP_SETUP event_id=7 name=nil list_size=2
[20:38:00.262] INTERP_SETUP event_id=0 name=nil list_size=5
[20:38:00.277] INTERP_SETUP event_id=7 name=nil list_size=2
[20:38:00.278] INTERP_SETUP event_id=0 name=nil list_size=5
[20:38:00.294] INTERP_SETUP event_id=7 name=nil list_size=2
[20:38:00.295] INTERP_SETUP event_id=0 name=nil list_size=5
[20:38:00.311] INTERP_SETUP event_id=7 name=nil list_size=2
[20:38:00.311] INTERP_SETUP event_id=0 name=nil list_size=5
[20:38:00.328] INTERP_SETUP event_id=7 name=nil list_size=2
[20:38:00.329] INTERP_SETUP event_id=0 name=nil list_size=5
[20:38:00.344] INTERP_SETUP event_id=7 name=nil list_size=2
[20:38:00.345] INTERP_SETUP event_id=0 name=nil list_size=5
[20:38:00.361] INTERP_SETUP event_id=7 name=nil list_size=2
[20:38:00.362] INTERP_SETUP event_id=0 name=nil list_size=5
[20:38:00.378] INTERP_SETUP event_id=7 name=nil list_size=2
[20:38:00.379] INTERP_SETUP event_id=0 name=nil list_size=5
[20:38:00.394] INTERP_SETUP event_id=7 name=nil list_size=2
[20:38:00.395] INTERP_SETUP event_id=0 name=nil list_size=5
[20:38:00.411] INTERP_SETUP event_id=7 name=nil list_size=2
[20:38:00.412] INTERP_SETUP event_id=0 name=nil list_size=5
[20:38:00.428] INTERP_SETUP event_id=7 name=nil list_size=2
[20:38:00.429] INTERP_SETUP event_id=0 name=nil list_size=5
[20:38:00.445] INTERP_SETUP event_id=7 name=nil list_size=2
[20:38:00.446] INTERP_SETUP event_id=0 name=nil list_size=5
[20:38:00.462] INTERP_SETUP event_id=7 name=nil list_size=2
[20:38:00.463] INTERP_SETUP event_id=0 name=nil list_size=5
[20:38:00.478] INTERP_SETUP event_id=7 name=nil list_size=2
[20:38:00.479] INTERP_SETUP event_id=0 name=nil list_size=5
[20:38:00.494] INTERP_SETUP event_id=7 name=nil list_size=2
[20:38:00.495] INTERP_SETUP event_id=0 name=nil list_size=5
[20:38:00.511] INTERP_SETUP event_id=7 name=nil list_size=2
[20:38:00.512] INTERP_SETUP event_id=0 name=nil list_size=5
[20:38:00.528] INTERP_SETUP event_id=7 name=nil list_size=2
[20:38:00.529] INTERP_SETUP event_id=0 name=nil list_size=5
[20:38:00.545] INTERP_SETUP event_id=7 name=nil list_size=2
[20:38:00.546] INTERP_SETUP event_id=0 name=nil list_size=5
[20:38:00.561] INTERP_SETUP event_id=7 name=nil list_size=2
[20:38:00.562] INTERP_SETUP event_id=0 name=nil list_size=5
[20:38:00.578] INTERP_SETUP event_id=7 name=nil list_size=2
[20:38:00.579] INTERP_SETUP event_id=0 name=nil list_size=5
[20:38:00.594] INTERP_SETUP event_id=7 name=nil list_size=2
[20:38:00.595] INTERP_SETUP event_id=0 name=nil list_size=5
[20:38:00.611] INTERP_SETUP event_id=7 name=nil list_size=2
[20:38:00.612] INTERP_SETUP event_id=0 name=nil list_size=5
[20:38:00.627] INTERP_SETUP event_id=7 name=nil list_size=2
[20:38:00.628] INTERP_SETUP event_id=0 name=nil list_size=5
[20:38:00.644] INTERP_SETUP event_id=7 name=nil list_size=2
[20:38:00.645] INTERP_SETUP event_id=0 name=nil list_size=5
[20:38:00.661] INTERP_SETUP event_id=7 name=nil list_size=2
[20:38:00.662] INTERP_SETUP event_id=0 name=nil list_size=5
[20:38:00.678] INTERP_SETUP event_id=7 name=nil list_size=2
[20:38:00.678] INTERP_SETUP event_id=0 name=nil list_size=5
[20:38:00.695] INTERP_SETUP event_id=7 name=nil list_size=2
[20:38:00.696] INTERP_SETUP event_id=0 name=nil list_size=5
[20:38:00.711] INTERP_SETUP event_id=7 name=nil list_size=2
[20:38:00.712] INTERP_SETUP event_id=0 name=nil list_size=5
[20:38:00.728] INTERP_SETUP event_id=7 name=nil list_size=2
[20:38:00.729] INTERP_SETUP event_id=0 name=nil list_size=5
[20:38:00.744] INTERP_SETUP event_id=7 name=nil list_size=2
[20:38:00.746] INTERP_SETUP event_id=0 name=nil list_size=5
[20:38:00.761] INTERP_SETUP event_id=7 name=nil list_size=2
[20:38:00.762] INTERP_SETUP event_id=0 name=nil list_size=5
[20:38:00.778] INTERP_SETUP event_id=7 name=nil list_size=2
[20:38:00.779] INTERP_SETUP event_id=0 name=nil list_size=5
[20:38:00.794] INTERP_SETUP event_id=7 name=nil list_size=2
[20:38:00.795] INTERP_SETUP event_id=0 name=nil list_size=5
[20:38:00.811] INTERP_SETUP event_id=7 name=nil list_size=2
[20:38:00.812] INTERP_SETUP event_id=0 name=nil list_size=5
[20:38:00.827] INTERP_SETUP event_id=7 name=nil list_size=2
[20:38:00.828] INTERP_SETUP event_id=0 name=nil list_size=5
[20:38:00.844] INTERP_SETUP event_id=7 name=nil list_size=2
[20:38:00.845] INTERP_SETUP event_id=0 name=nil list_size=5
[20:38:00.861] INTERP_SETUP event_id=7 name=nil list_size=2
[20:38:00.862] INTERP_SETUP event_id=0 name=nil list_size=5
[20:38:00.878] INTERP_SETUP event_id=7 name=nil list_size=2
[20:38:00.879] INTERP_SETUP event_id=0 name=nil list_size=5
[20:38:00.894] INTERP_SETUP event_id=7 name=nil list_size=2
[20:38:00.895] INTERP_SETUP event_id=0 name=nil list_size=5
[20:38:00.911] INTERP_SETUP event_id=7 name=nil list_size=2
[20:38:00.912] INTERP_SETUP event_id=0 name=nil list_size=5
[20:38:00.928] INTERP_SETUP event_id=7 name=nil list_size=2
[20:38:00.928] INTERP_SETUP event_id=0 name=nil list_size=5
[20:38:00.944] INTERP_SETUP event_id=7 name=nil list_size=2
[20:38:00.946] INTERP_SETUP event_id=0 name=nil list_size=5
[20:38:00.961] INTERP_SETUP event_id=7 name=nil list_size=2
[20:38:00.962] INTERP_SETUP event_id=0 name=nil list_size=5
[20:38:00.978] INTERP_SETUP event_id=7 name=nil list_size=2
[20:38:00.979] INTERP_SETUP event_id=0 name=nil list_size=5
[20:38:00.995] INTERP_SETUP event_id=7 name=nil list_size=2
[20:38:00.995] INTERP_SETUP event_id=0 name=nil list_size=5
[20:38:01.011] INTERP_SETUP event_id=7 name=nil list_size=2
[20:38:01.012] INTERP_SETUP event_id=0 name=nil list_size=5
[20:38:01.027] INTERP_SETUP event_id=7 name=nil list_size=2
[20:38:01.028] INTERP_SETUP event_id=0 name=nil list_size=5
[20:38:01.044] INTERP_SETUP event_id=7 name=nil list_size=2
[20:38:01.045] INTERP_SETUP event_id=0 name=nil list_size=5
[20:38:01.061] INTERP_SETUP event_id=7 name=nil list_size=2
[20:38:01.062] INTERP_SETUP event_id=0 name=nil list_size=5
[20:38:01.078] INTERP_SETUP event_id=7 name=nil list_size=2
[20:38:01.079] INTERP_SETUP event_id=0 name=nil list_size=5
[20:38:01.095] INTERP_SETUP event_id=7 name=nil list_size=2
[20:38:01.096] INTERP_SETUP event_id=0 name=nil list_size=5
[20:38:01.111] INTERP_SETUP event_id=7 name=nil list_size=2
[20:38:01.112] INTERP_SETUP event_id=0 name=nil list_size=5
[20:38:01.128] INTERP_SETUP event_id=7 name=nil list_size=2
[20:38:01.128] INTERP_SETUP event_id=0 name=nil list_size=5
[20:38:01.145] INTERP_SETUP event_id=7 name=nil list_size=2
[20:38:01.146] INTERP_SETUP event_id=0 name=nil list_size=5
[20:38:01.161] INTERP_SETUP event_id=7 name=nil list_size=2
[20:38:01.162] INTERP_SETUP event_id=0 name=nil list_size=5
[20:38:01.178] INTERP_SETUP event_id=7 name=nil list_size=2
[20:38:01.179] INTERP_SETUP event_id=0 name=nil list_size=5
[20:38:01.194] INTERP_SETUP event_id=7 name=nil list_size=2
[20:38:01.195] INTERP_SETUP event_id=0 name=nil list_size=5
[20:38:01.211] INTERP_SETUP event_id=7 name=nil list_size=2
[20:38:01.212] INTERP_SETUP event_id=0 name=nil list_size=5
[20:38:01.228] INTERP_SETUP event_id=7 name=nil list_size=2
[20:38:01.228] INTERP_SETUP event_id=0 name=nil list_size=5
[20:38:01.245] INTERP_SETUP event_id=7 name=nil list_size=2
[20:38:01.246] INTERP_SETUP event_id=0 name=nil list_size=5
[20:38:01.261] INTERP_SETUP event_id=7 name=nil list_size=2
[20:38:01.262] INTERP_SETUP event_id=0 name=nil list_size=5
[20:38:01.278] INTERP_SETUP event_id=7 name=nil list_size=2
[20:38:01.279] INTERP_SETUP event_id=0 name=nil list_size=5
[20:38:01.294] INTERP_SETUP event_id=7 name=nil list_size=2
[20:38:01.295] INTERP_SETUP event_id=0 name=nil list_size=5
[20:38:01.311] INTERP_SETUP event_id=7 name=nil list_size=2
[20:38:01.312] INTERP_SETUP event_id=0 name=nil list_size=5
[20:38:01.328] INTERP_SETUP event_id=7 name=nil list_size=2
[20:38:01.329] INTERP_SETUP event_id=0 name=nil list_size=5
[20:38:01.345] INTERP_SETUP event_id=7 name=nil list_size=2
[20:38:01.346] INTERP_SETUP event_id=0 name=nil list_size=5
[20:38:01.361] INTERP_SETUP event_id=7 name=nil list_size=2
[20:38:01.362] INTERP_SETUP event_id=0 name=nil list_size=5
[20:38:01.378] INTERP_SETUP event_id=7 name=nil list_size=2
[20:38:01.379] INTERP_SETUP event_id=0 name=nil list_size=5
[20:38:01.394] INTERP_SETUP event_id=7 name=nil list_size=2
[20:38:01.395] INTERP_SETUP event_id=0 name=nil list_size=5
[20:38:01.411] INTERP_SETUP event_id=7 name=nil list_size=2
[20:38:01.412] INTERP_SETUP event_id=0 name=nil list_size=5
[20:38:01.428] INTERP_SETUP event_id=7 name=nil list_size=2
[20:38:01.429] INTERP_SETUP event_id=0 name=nil list_size=5
[20:38:01.444] INTERP_SETUP event_id=7 name=nil list_size=2
[20:38:01.445] INTERP_SETUP event_id=0 name=nil list_size=5
[20:38:01.461] INTERP_SETUP event_id=7 name=nil list_size=2
[20:38:01.462] INTERP_SETUP event_id=0 name=nil list_size=5
[20:38:01.478] INTERP_SETUP event_id=7 name=nil list_size=2
[20:38:01.479] INTERP_SETUP event_id=0 name=nil list_size=5
[20:38:01.495] INTERP_SETUP event_id=7 name=nil list_size=2
[20:38:01.496] INTERP_SETUP event_id=0 name=nil list_size=5
[20:38:01.511] INTERP_SETUP event_id=7 name=nil list_size=2
[20:38:01.512] INTERP_SETUP event_id=0 name=nil list_size=5
[20:38:01.527] INTERP_SETUP event_id=7 name=nil list_size=2
[20:38:01.528] INTERP_SETUP event_id=0 name=nil list_size=5
[20:38:01.544] INTERP_SETUP event_id=7 name=nil list_size=2
[20:38:01.545] INTERP_SETUP event_id=0 name=nil list_size=5
[20:38:01.561] INTERP_SETUP event_id=7 name=nil list_size=2
[20:38:01.562] INTERP_SETUP event_id=0 name=nil list_size=5
[20:38:01.578] INTERP_SETUP event_id=7 name=nil list_size=2
[20:38:01.579] INTERP_SETUP event_id=0 name=nil list_size=5
[20:38:01.595] INTERP_SETUP event_id=7 name=nil list_size=2
[20:38:01.595] INTERP_SETUP event_id=0 name=nil list_size=5
[20:38:01.611] INTERP_SETUP event_id=7 name=nil list_size=2
[20:38:01.612] INTERP_SETUP event_id=0 name=nil list_size=5
[20:38:01.628] INTERP_SETUP event_id=7 name=nil list_size=2
[20:38:01.629] INTERP_SETUP event_id=0 name=nil list_size=5
[20:38:01.644] INTERP_SETUP event_id=7 name=nil list_size=2
[20:38:01.645] INTERP_SETUP event_id=0 name=nil list_size=5
[20:38:01.661] INTERP_SETUP event_id=7 name=nil list_size=2
[20:38:01.662] INTERP_SETUP event_id=0 name=nil list_size=5
[20:38:01.677] INTERP_SETUP event_id=7 name=nil list_size=2
[20:38:01.678] INTERP_SETUP event_id=0 name=nil list_size=5
[20:38:01.695] INTERP_SETUP event_id=7 name=nil list_size=2
[20:38:01.696] INTERP_SETUP event_id=0 name=nil list_size=5
[20:38:01.711] INTERP_SETUP event_id=7 name=nil list_size=2
[20:38:01.712] INTERP_SETUP event_id=0 name=nil list_size=5
[20:38:01.728] INTERP_SETUP event_id=7 name=nil list_size=2
[20:38:01.729] INTERP_SETUP event_id=0 name=nil list_size=5
[20:38:01.744] INTERP_SETUP event_id=7 name=nil list_size=2
[20:38:01.745] INTERP_SETUP event_id=0 name=nil list_size=5
[20:38:01.761] INTERP_SETUP event_id=7 name=nil list_size=2
[20:38:01.762] INTERP_SETUP event_id=0 name=nil list_size=5
[20:38:01.778] INTERP_SETUP event_id=7 name=nil list_size=2
[20:38:01.778] INTERP_SETUP event_id=0 name=nil list_size=5
[20:38:01.794] INTERP_SETUP event_id=7 name=nil list_size=2
[20:38:01.795] INTERP_SETUP event_id=0 name=nil list_size=5
[20:38:01.811] INTERP_SETUP event_id=7 name=nil list_size=2
[20:38:01.812] INTERP_SETUP event_id=0 name=nil list_size=5
[20:38:01.828] INTERP_SETUP event_id=7 name=nil list_size=2
[20:38:01.829] INTERP_SETUP event_id=0 name=nil list_size=5
[20:38:01.844] INTERP_SETUP event_id=7 name=nil list_size=2
[20:38:01.845] INTERP_SETUP event_id=0 name=nil list_size=5
[20:38:01.861] INTERP_SETUP event_id=7 name=nil list_size=2
[20:38:01.862] INTERP_SETUP event_id=0 name=nil list_size=5
[20:38:01.878] INTERP_SETUP event_id=7 name=nil list_size=2
[20:38:01.878] INTERP_SETUP event_id=0 name=nil list_size=5
[20:38:01.895] INTERP_SETUP event_id=7 name=nil list_size=2
[20:38:01.896] INTERP_SETUP event_id=0 name=nil list_size=5
[20:38:01.911] INTERP_SETUP event_id=7 name=nil list_size=2
[20:38:01.912] INTERP_SETUP event_id=0 name=nil list_size=5
[20:38:01.927] INTERP_SETUP event_id=7 name=nil list_size=2
[20:38:01.928] INTERP_SETUP event_id=0 name=nil list_size=5
[20:38:01.944] INTERP_SETUP event_id=7 name=nil list_size=2
[20:38:01.945] INTERP_SETUP event_id=0 name=nil list_size=5
[20:38:01.961] INTERP_SETUP event_id=7 name=nil list_size=2
[20:38:01.962] INTERP_SETUP event_id=0 name=nil list_size=5
[20:38:01.978] INTERP_SETUP event_id=7 name=nil list_size=2
[20:38:01.979] INTERP_SETUP event_id=0 name=nil list_size=5
[20:38:01.995] INTERP_SETUP event_id=7 name=nil list_size=2
[20:38:01.996] INTERP_SETUP event_id=0 name=nil list_size=5
[20:38:02.011] INTERP_SETUP event_id=7 name=nil list_size=2
[20:38:02.013] INTERP_SETUP event_id=0 name=nil list_size=5
[20:38:02.028] INTERP_SETUP event_id=7 name=nil list_size=2
[20:38:02.029] INTERP_SETUP event_id=0 name=nil list_size=5
[20:38:02.044] INTERP_SETUP event_id=7 name=nil list_size=2
[20:38:02.045] INTERP_SETUP event_id=0 name=nil list_size=5
[20:38:02.061] INTERP_SETUP event_id=7 name=nil list_size=2
[20:38:02.062] INTERP_SETUP event_id=0 name=nil list_size=5
[20:38:02.078] INTERP_SETUP event_id=7 name=nil list_size=2
[20:38:02.079] INTERP_SETUP event_id=0 name=nil list_size=5
[20:38:02.094] INTERP_SETUP event_id=7 name=nil list_size=2
[20:38:02.095] INTERP_SETUP event_id=0 name=nil list_size=5
[20:38:02.111] INTERP_SETUP event_id=7 name=nil list_size=2
[20:38:02.112] INTERP_SETUP event_id=0 name=nil list_size=5
[20:38:02.128] INTERP_SETUP event_id=7 name=nil list_size=2
[20:38:02.129] INTERP_SETUP event_id=0 name=nil list_size=5
[20:38:02.145] INTERP_SETUP event_id=7 name=nil list_size=2
[20:38:02.146] INTERP_SETUP event_id=0 name=nil list_size=5
[20:38:02.161] INTERP_SETUP event_id=7 name=nil list_size=2
[20:38:02.162] INTERP_SETUP event_id=0 name=nil list_size=5
[20:38:02.178] INTERP_SETUP event_id=7 name=nil list_size=2
[20:38:02.179] INTERP_SETUP event_id=0 name=nil list_size=5
[20:38:02.194] INTERP_SETUP event_id=7 name=nil list_size=2
[20:38:02.195] INTERP_SETUP event_id=0 name=nil list_size=5
[20:38:02.211] INTERP_SETUP event_id=7 name=nil list_size=2
[20:38:02.212] INTERP_SETUP event_id=0 name=nil list_size=5
[20:38:02.228] INTERP_SETUP event_id=7 name=nil list_size=2
[20:38:02.229] INTERP_SETUP event_id=0 name=nil list_size=5
[20:38:02.244] INTERP_SETUP event_id=7 name=nil list_size=2
[20:38:02.245] INTERP_SETUP event_id=0 name=nil list_size=5
[20:38:02.261] INTERP_SETUP event_id=7 name=nil list_size=2
[20:38:02.262] INTERP_SETUP event_id=0 name=nil list_size=5
[20:38:02.278] INTERP_SETUP event_id=7 name=nil list_size=2
[20:38:02.278] INTERP_SETUP event_id=0 name=nil list_size=5
[20:38:02.294] INTERP_SETUP event_id=7 name=nil list_size=2
[20:38:02.295] INTERP_SETUP event_id=0 name=nil list_size=5
[20:38:02.311] INTERP_SETUP event_id=7 name=nil list_size=2
[20:38:02.311] INTERP_SETUP event_id=0 name=nil list_size=5
[20:38:02.327] INTERP_SETUP event_id=7 name=nil list_size=2
[20:38:02.328] INTERP_SETUP event_id=0 name=nil list_size=5
[20:38:02.344] INTERP_SETUP event_id=7 name=nil list_size=2
[20:38:02.345] INTERP_SETUP event_id=0 name=nil list_size=5
[20:38:02.361] INTERP_SETUP event_id=7 name=nil list_size=2
[20:38:02.361] INTERP_SETUP event_id=0 name=nil list_size=5
[20:38:02.378] INTERP_SETUP event_id=7 name=nil list_size=2
[20:38:02.379] INTERP_SETUP event_id=0 name=nil list_size=5
[20:38:02.394] INTERP_SETUP event_id=7 name=nil list_size=2
[20:38:02.395] INTERP_SETUP event_id=0 name=nil list_size=5
[20:38:02.411] INTERP_SETUP event_id=7 name=nil list_size=2
[20:38:02.412] INTERP_SETUP event_id=0 name=nil list_size=5
[20:38:02.428] INTERP_SETUP event_id=7 name=nil list_size=2
[20:38:02.429] INTERP_SETUP event_id=0 name=nil list_size=5
[20:38:02.444] INTERP_SETUP event_id=7 name=nil list_size=2
[20:38:02.445] INTERP_SETUP event_id=0 name=nil list_size=5
[20:38:02.461] INTERP_SETUP event_id=7 name=nil list_size=2
[20:38:02.462] INTERP_SETUP event_id=0 name=nil list_size=5
[20:38:02.478] INTERP_SETUP event_id=7 name=nil list_size=2
[20:38:02.479] INTERP_SETUP event_id=0 name=nil list_size=5
[20:38:02.495] INTERP_SETUP event_id=7 name=nil list_size=2
[20:38:02.495] INTERP_SETUP event_id=0 name=nil list_size=5
[20:38:02.511] INTERP_SETUP event_id=7 name=nil list_size=2
[20:38:02.512] INTERP_SETUP event_id=0 name=nil list_size=5
[20:38:02.528] INTERP_SETUP event_id=7 name=nil list_size=2
[20:38:02.529] INTERP_SETUP event_id=0 name=nil list_size=5
[20:38:02.545] INTERP_SETUP event_id=7 name=nil list_size=2
[20:38:02.546] INTERP_SETUP event_id=0 name=nil list_size=5
[20:38:02.561] INTERP_SETUP event_id=7 name=nil list_size=2
[20:38:02.562] INTERP_SETUP event_id=0 name=nil list_size=5
[20:38:02.564] MAP_SETUP -> 120  (jump_free=true frozen=120)
[20:38:02.567] MAP_SETUP_DONE map=120 events=15 starting=[] autorun_events=[]
[20:38:02.597] INTERP_SETUP event_id=12 name=nil list_size=3
[20:38:02.598] INTERP_SETUP event_id=2 name=nil list_size=10
[20:38:02.599] INTERP_SETUP event_id=13 name=nil list_size=3
[20:38:02.600] INTERP_SETUP event_id=14 name=nil list_size=12
[20:38:02.600] INTERP_SETUP event_id=3 name=nil list_size=4
[20:38:02.601] INTERP_SETUP event_id=0 name=nil list_size=5
[20:38:03.645] INTERP_SETUP event_id=2 name=nil list_size=10
[20:38:03.646] INTERP_SETUP event_id=14 name=nil list_size=12
[20:38:03.647] INTERP_SETUP event_id=0 name=nil list_size=5
[20:38:03.662] INTERP_SETUP event_id=2 name=nil list_size=10
[20:38:03.663] INTERP_SETUP event_id=14 name=nil list_size=12
[20:38:03.664] INTERP_SETUP event_id=0 name=nil list_size=5
[20:38:03.678] INTERP_SETUP event_id=2 name=nil list_size=10
[20:38:03.679] INTERP_SETUP event_id=14 name=nil list_size=12
[20:38:03.680] INTERP_SETUP event_id=0 name=nil list_size=5
[20:38:03.695] INTERP_SETUP event_id=2 name=nil list_size=10
[20:38:03.696] INTERP_SETUP event_id=14 name=nil list_size=12
[20:38:03.697] INTERP_SETUP event_id=0 name=nil list_size=5
[20:38:03.711] INTERP_SETUP event_id=2 name=nil list_size=10
[20:38:03.713] INTERP_SETUP event_id=14 name=nil list_size=12
[20:38:03.713] INTERP_SETUP event_id=0 name=nil list_size=5
[20:38:03.728] INTERP_SETUP event_id=2 name=nil list_size=10
[20:38:03.730] INTERP_SETUP event_id=14 name=nil list_size=12
[20:38:03.730] INTERP_SETUP event_id=0 name=nil list_size=5
[20:38:03.745] INTERP_SETUP event_id=2 name=nil list_size=10
[20:38:03.746] INTERP_SETUP event_id=14 name=nil list_size=12
[20:38:03.746] INTERP_SETUP event_id=0 name=nil list_size=5
[20:38:03.761] INTERP_SETUP event_id=2 name=nil list_size=10
[20:38:03.762] INTERP_SETUP event_id=14 name=nil list_size=12
[20:38:03.763] INTERP_SETUP event_id=0 name=nil list_size=5
[20:38:03.778] INTERP_SETUP event_id=2 name=nil list_size=10
[20:38:03.779] INTERP_SETUP event_id=14 name=nil list_size=12
[20:38:03.780] INTERP_SETUP event_id=0 name=nil list_size=5
[20:38:03.795] INTERP_SETUP event_id=2 name=nil list_size=10
[20:38:03.796] INTERP_SETUP event_id=14 name=nil list_size=12
[20:38:03.797] INTERP_SETUP event_id=0 name=nil list_size=5
[20:38:03.812] INTERP_SETUP event_id=2 name=nil list_size=10
[20:38:03.813] INTERP_SETUP event_id=14 name=nil list_size=12
[20:38:03.814] INTERP_SETUP event_id=0 name=nil list_size=5
[20:38:03.828] INTERP_SETUP event_id=2 name=nil list_size=10
[20:38:03.830] INTERP_SETUP event_id=14 name=nil list_size=12
[20:38:03.831] INTERP_SETUP event_id=0 name=nil list_size=5
[20:38:03.845] INTERP_SETUP event_id=2 name=nil list_size=10
[20:38:03.846] INTERP_SETUP event_id=14 name=nil list_size=12
[20:38:03.847] INTERP_SETUP event_id=0 name=nil list_size=5
[20:38:03.861] INTERP_SETUP event_id=2 name=nil list_size=10
[20:38:03.863] INTERP_SETUP event_id=14 name=nil list_size=12
[20:38:03.863] INTERP_SETUP event_id=0 name=nil list_size=5
[20:38:03.878] INTERP_SETUP event_id=2 name=nil list_size=10
[20:38:03.880] INTERP_SETUP event_id=14 name=nil list_size=12
[20:38:03.881] INTERP_SETUP event_id=0 name=nil list_size=5
[20:38:03.895] INTERP_SETUP event_id=2 name=nil list_size=10
[20:38:03.896] INTERP_SETUP event_id=14 name=nil list_size=12
[20:38:03.897] INTERP_SETUP event_id=0 name=nil list_size=5
[20:38:03.911] INTERP_SETUP event_id=2 name=nil list_size=10
[20:38:03.913] INTERP_SETUP event_id=14 name=nil list_size=12
[20:38:03.913] INTERP_SETUP event_id=0 name=nil list_size=5
[20:38:03.928] INTERP_SETUP event_id=2 name=nil list_size=10
[20:38:03.929] INTERP_SETUP event_id=14 name=nil list_size=12
[20:38:03.930] INTERP_SETUP event_id=0 name=nil list_size=5
[20:38:03.945] INTERP_SETUP event_id=2 name=nil list_size=10
[20:38:03.946] INTERP_SETUP event_id=14 name=nil list_size=12
[20:38:03.947] INTERP_SETUP event_id=0 name=nil list_size=5
[20:38:03.961] INTERP_SETUP event_id=2 name=nil list_size=10
[20:38:03.963] INTERP_SETUP event_id=14 name=nil list_size=12
[20:38:03.963] INTERP_SETUP event_id=0 name=nil list_size=5
[20:38:03.978] INTERP_SETUP event_id=2 name=nil list_size=10
[20:38:03.980] INTERP_SETUP event_id=14 name=nil list_size=12
[20:38:03.980] INTERP_SETUP event_id=0 name=nil list_size=5
[20:38:03.995] INTERP_SETUP event_id=2 name=nil list_size=10
[20:38:03.996] INTERP_SETUP event_id=14 name=nil list_size=12
[20:38:03.997] INTERP_SETUP event_id=0 name=nil list_size=5
[20:38:04.011] INTERP_SETUP event_id=2 name=nil list_size=10
[20:38:04.013] INTERP_SETUP event_id=14 name=nil list_size=12
[20:38:04.014] INTERP_SETUP event_id=0 name=nil list_size=5
[20:38:04.028] INTERP_SETUP event_id=2 name=nil list_size=10
[20:38:04.029] INTERP_SETUP event_id=14 name=nil list_size=12
[20:38:04.030] INTERP_SETUP event_id=0 name=nil list_size=5
[20:38:04.045] INTERP_SETUP event_id=2 name=nil list_size=10
[20:38:04.046] INTERP_SETUP event_id=14 name=nil list_size=12
[20:38:04.047] INTERP_SETUP event_id=0 name=nil list_size=5
[20:38:04.061] INTERP_SETUP event_id=2 name=nil list_size=10
[20:38:04.063] INTERP_SETUP event_id=14 name=nil list_size=12
[20:38:04.064] INTERP_SETUP event_id=0 name=nil list_size=5
[20:38:04.078] INTERP_SETUP event_id=2 name=nil list_size=10
[20:38:04.079] INTERP_SETUP event_id=14 name=nil list_size=12
[20:38:04.080] INTERP_SETUP event_id=0 name=nil list_size=5
[20:38:04.095] INTERP_SETUP event_id=2 name=nil list_size=10
[20:38:04.096] INTERP_SETUP event_id=14 name=nil list_size=12
[20:38:04.097] INTERP_SETUP event_id=0 name=nil list_size=5
[20:38:04.111] INTERP_SETUP event_id=2 name=nil list_size=10
[20:38:04.112] INTERP_SETUP event_id=14 name=nil list_size=12
[20:38:04.113] INTERP_SETUP event_id=0 name=nil list_size=5
[20:38:04.128] INTERP_SETUP event_id=2 name=nil list_size=10
[20:38:04.129] INTERP_SETUP event_id=14 name=nil list_size=12
[20:38:04.130] INTERP_SETUP event_id=0 name=nil list_size=5
[20:38:04.145] INTERP_SETUP event_id=2 name=nil list_size=10
[20:38:04.146] INTERP_SETUP event_id=14 name=nil list_size=12
[20:38:04.147] INTERP_SETUP event_id=0 name=nil list_size=5
[20:38:04.161] INTERP_SETUP event_id=2 name=nil list_size=10
[20:38:04.162] INTERP_SETUP event_id=14 name=nil list_size=12
[20:38:04.163] INTERP_SETUP event_id=0 name=nil list_size=5
[20:38:04.178] INTERP_SETUP event_id=2 name=nil list_size=10
[20:38:04.179] INTERP_SETUP event_id=14 name=nil list_size=12
[20:38:04.180] INTERP_SETUP event_id=0 name=nil list_size=5
[20:38:04.195] INTERP_SETUP event_id=2 name=nil list_size=10
[20:38:04.196] INTERP_SETUP event_id=14 name=nil list_size=12
[20:38:04.197] INTERP_SETUP event_id=0 name=nil list_size=5
[20:38:04.212] INTERP_SETUP event_id=2 name=nil list_size=10
[20:38:04.213] INTERP_SETUP event_id=14 name=nil list_size=12
[20:38:04.214] INTERP_SETUP event_id=0 name=nil list_size=5
[20:38:04.228] INTERP_SETUP event_id=2 name=nil list_size=10
[20:38:04.229] INTERP_SETUP event_id=14 name=nil list_size=12
[20:38:04.230] INTERP_SETUP event_id=0 name=nil list_size=5
[20:38:04.245] INTERP_SETUP event_id=2 name=nil list_size=10
[20:38:04.246] INTERP_SETUP event_id=14 name=nil list_size=12
[20:38:04.246] INTERP_SETUP event_id=0 name=nil list_size=5
[20:38:04.261] INTERP_SETUP event_id=2 name=nil list_size=10
[20:38:04.262] INTERP_SETUP event_id=14 name=nil list_size=12
[20:38:04.263] INTERP_SETUP event_id=0 name=nil list_size=5
[20:38:04.278] INTERP_SETUP event_id=2 name=nil list_size=10
[20:38:04.279] INTERP_SETUP event_id=14 name=nil list_size=12
[20:38:04.280] INTERP_SETUP event_id=0 name=nil list_size=5
[20:38:04.295] INTERP_SETUP event_id=2 name=nil list_size=10
[20:38:04.297] INTERP_SETUP event_id=14 name=nil list_size=12
[20:38:04.297] INTERP_SETUP event_id=0 name=nil list_size=5
[20:38:04.312] INTERP_SETUP event_id=2 name=nil list_size=10
[20:38:04.313] INTERP_SETUP event_id=14 name=nil list_size=12
[20:38:04.314] INTERP_SETUP event_id=0 name=nil list_size=5
[20:38:04.329] INTERP_SETUP event_id=2 name=nil list_size=10
[20:38:04.330] INTERP_SETUP event_id=14 name=nil list_size=12
[20:38:04.331] INTERP_SETUP event_id=0 name=nil list_size=5
[20:38:04.351] INTERP_SETUP event_id=2 name=nil list_size=10
[20:38:04.353] INTERP_SETUP event_id=14 name=nil list_size=12
[20:38:04.354] INTERP_SETUP event_id=0 name=nil list_size=5
[20:38:04.362] INTERP_SETUP event_id=2 name=nil list_size=10
[20:38:04.363] INTERP_SETUP event_id=14 name=nil list_size=12
[20:38:04.364] INTERP_SETUP event_id=0 name=nil list_size=5
[20:38:04.378] INTERP_SETUP event_id=2 name=nil list_size=10
[20:38:04.379] INTERP_SETUP event_id=14 name=nil list_size=12
[20:38:04.380] INTERP_SETUP event_id=0 name=nil list_size=5
[20:38:04.395] INTERP_SETUP event_id=2 name=nil list_size=10
[20:38:04.396] INTERP_SETUP event_id=14 name=nil list_size=12
[20:38:04.397] INTERP_SETUP event_id=0 name=nil list_size=5
[20:38:04.411] INTERP_SETUP event_id=2 name=nil list_size=10
[20:38:04.412] INTERP_SETUP event_id=14 name=nil list_size=12
[20:38:04.413] INTERP_SETUP event_id=0 name=nil list_size=5
[20:38:04.428] INTERP_SETUP event_id=2 name=nil list_size=10
[20:38:04.430] INTERP_SETUP event_id=14 name=nil list_size=12
[20:38:04.430] INTERP_SETUP event_id=0 name=nil list_size=5
[20:38:04.445] INTERP_SETUP event_id=2 name=nil list_size=10
[20:38:04.446] INTERP_SETUP event_id=14 name=nil list_size=12
[20:38:04.447] INTERP_SETUP event_id=0 name=nil list_size=5
[20:38:04.462] INTERP_SETUP event_id=2 name=nil list_size=10
[20:38:04.463] INTERP_SETUP event_id=14 name=nil list_size=12
[20:38:04.464] INTERP_SETUP event_id=0 name=nil list_size=5
[20:38:04.478] INTERP_SETUP event_id=2 name=nil list_size=10
[20:38:04.480] INTERP_SETUP event_id=14 name=nil list_size=12
[20:38:04.481] INTERP_SETUP event_id=0 name=nil list_size=5
[20:38:04.495] INTERP_SETUP event_id=2 name=nil list_size=10
[20:38:04.496] INTERP_SETUP event_id=14 name=nil list_size=12
[20:38:04.497] INTERP_SETUP event_id=0 name=nil list_size=5
[20:38:04.512] INTERP_SETUP event_id=2 name=nil list_size=10
[20:38:04.513] INTERP_SETUP event_id=14 name=nil list_size=12
[20:38:04.514] INTERP_SETUP event_id=0 name=nil list_size=5
[20:38:04.528] INTERP_SETUP event_id=2 name=nil list_size=10
[20:38:04.529] INTERP_SETUP event_id=14 name=nil list_size=12
[20:38:04.530] INTERP_SETUP event_id=0 name=nil list_size=5
[20:38:04.545] INTERP_SETUP event_id=2 name=nil list_size=10
[20:38:04.546] INTERP_SETUP event_id=14 name=nil list_size=12
[20:38:04.547] INTERP_SETUP event_id=0 name=nil list_size=5
[20:38:04.561] INTERP_SETUP event_id=2 name=nil list_size=10
[20:38:04.562] INTERP_SETUP event_id=14 name=nil list_size=12
[20:38:04.563] INTERP_SETUP event_id=0 name=nil list_size=5
[20:38:04.578] INTERP_SETUP event_id=2 name=nil list_size=10
[20:38:04.579] INTERP_SETUP event_id=14 name=nil list_size=12
[20:38:04.580] INTERP_SETUP event_id=0 name=nil list_size=5
[20:38:04.595] INTERP_SETUP event_id=2 name=nil list_size=10
[20:38:04.596] INTERP_SETUP event_id=14 name=nil list_size=12
[20:38:04.597] INTERP_SETUP event_id=0 name=nil list_size=5
[20:38:04.611] INTERP_SETUP event_id=2 name=nil list_size=10
[20:38:04.613] INTERP_SETUP event_id=14 name=nil list_size=12
[20:38:04.614] INTERP_SETUP event_id=0 name=nil list_size=5
[20:38:04.628] INTERP_SETUP event_id=2 name=nil list_size=10
[20:38:04.629] INTERP_SETUP event_id=14 name=nil list_size=12
[20:38:04.630] INTERP_SETUP event_id=0 name=nil list_size=5
[20:38:04.645] INTERP_SETUP event_id=2 name=nil list_size=10
[20:38:04.646] INTERP_SETUP event_id=14 name=nil list_size=12
[20:38:04.647] INTERP_SETUP event_id=0 name=nil list_size=5
[20:38:04.661] INTERP_SETUP event_id=2 name=nil list_size=10
[20:38:04.662] INTERP_SETUP event_id=14 name=nil list_size=12
[20:38:04.663] INTERP_SETUP event_id=0 name=nil list_size=5
[20:38:04.678] INTERP_SETUP event_id=2 name=nil list_size=10
[20:38:04.679] INTERP_SETUP event_id=14 name=nil list_size=12
[20:38:04.680] INTERP_SETUP event_id=0 name=nil list_size=5
[20:38:04.695] INTERP_SETUP event_id=2 name=nil list_size=10
[20:38:04.696] INTERP_SETUP event_id=14 name=nil list_size=12
[20:38:04.697] INTERP_SETUP event_id=0 name=nil list_size=5
[20:38:04.711] INTERP_SETUP event_id=2 name=nil list_size=10
[20:38:04.713] INTERP_SETUP event_id=14 name=nil list_size=12
[20:38:04.714] INTERP_SETUP event_id=0 name=nil list_size=5
[20:38:04.729] INTERP_SETUP event_id=2 name=nil list_size=10
[20:38:04.730] INTERP_SETUP event_id=14 name=nil list_size=12
[20:38:04.731] INTERP_SETUP event_id=0 name=nil list_size=5
[20:38:04.745] INTERP_SETUP event_id=2 name=nil list_size=10
[20:38:04.746] INTERP_SETUP event_id=14 name=nil list_size=12
[20:38:04.747] INTERP_SETUP event_id=0 name=nil list_size=5
[20:38:04.762] INTERP_SETUP event_id=2 name=nil list_size=10
[20:38:04.763] INTERP_SETUP event_id=14 name=nil list_size=12
[20:38:04.764] INTERP_SETUP event_id=0 name=nil list_size=5
[20:38:04.778] INTERP_SETUP event_id=2 name=nil list_size=10
[20:38:04.779] INTERP_SETUP event_id=14 name=nil list_size=12
[20:38:04.780] INTERP_SETUP event_id=0 name=nil list_size=5
[20:38:04.795] INTERP_SETUP event_id=2 name=nil list_size=10
[20:38:04.796] INTERP_SETUP event_id=14 name=nil list_size=12
[20:38:04.797] INTERP_SETUP event_id=0 name=nil list_size=5
[20:38:04.811] INTERP_SETUP event_id=2 name=nil list_size=10
[20:38:04.813] INTERP_SETUP event_id=14 name=nil list_size=12
[20:38:04.814] INTERP_SETUP event_id=0 name=nil list_size=5
[20:38:04.828] INTERP_SETUP event_id=2 name=nil list_size=10
[20:38:04.829] INTERP_SETUP event_id=14 name=nil list_size=12
[20:38:04.830] INTERP_SETUP event_id=0 name=nil list_size=5
[20:38:04.845] INTERP_SETUP event_id=2 name=nil list_size=10
[20:38:04.846] INTERP_SETUP event_id=14 name=nil list_size=12
[20:38:04.847] INTERP_SETUP event_id=0 name=nil list_size=5
[20:38:04.861] INTERP_SETUP event_id=2 name=nil list_size=10
[20:38:04.862] INTERP_SETUP event_id=14 name=nil list_size=12
[20:38:04.863] INTERP_SETUP event_id=0 name=nil list_size=5
[20:38:04.878] INTERP_SETUP event_id=2 name=nil list_size=10
[20:38:04.879] INTERP_SETUP event_id=14 name=nil list_size=12
[20:38:04.880] INTERP_SETUP event_id=0 name=nil list_size=5
[20:38:04.895] INTERP_SETUP event_id=2 name=nil list_size=10
[20:38:04.896] INTERP_SETUP event_id=14 name=nil list_size=12
[20:38:04.897] INTERP_SETUP event_id=0 name=nil list_size=5
[20:38:04.912] INTERP_SETUP event_id=2 name=nil list_size=10
[20:38:04.913] INTERP_SETUP event_id=14 name=nil list_size=12
[20:38:04.914] INTERP_SETUP event_id=0 name=nil list_size=5
[20:38:04.928] INTERP_SETUP event_id=2 name=nil list_size=10
[20:38:04.930] INTERP_SETUP event_id=14 name=nil list_size=12
[20:38:04.931] INTERP_SETUP event_id=0 name=nil list_size=5
[20:38:04.945] INTERP_SETUP event_id=2 name=nil list_size=10
[20:38:04.946] INTERP_SETUP event_id=14 name=nil list_size=12
[20:38:04.947] INTERP_SETUP event_id=0 name=nil list_size=5
[20:38:04.961] INTERP_SETUP event_id=2 name=nil list_size=10
[20:38:04.962] INTERP_SETUP event_id=14 name=nil list_size=12
[20:38:04.963] INTERP_SETUP event_id=0 name=nil list_size=5
[20:38:04.978] INTERP_SETUP event_id=2 name=nil list_size=10
[20:38:04.979] INTERP_SETUP event_id=14 name=nil list_size=12
[20:38:04.980] INTERP_SETUP event_id=0 name=nil list_size=5
[20:38:05.010] INTERP_SETUP event_id=2 name=nil list_size=10
[20:38:05.011] INTERP_SETUP event_id=14 name=nil list_size=12
[20:38:05.012] INTERP_SETUP event_id=0 name=nil list_size=5
[20:38:05.028] INTERP_SETUP event_id=2 name=nil list_size=10
[20:38:05.030] INTERP_SETUP event_id=14 name=nil list_size=12
[20:38:05.030] INTERP_SETUP event_id=0 name=nil list_size=5
[20:38:05.045] INTERP_SETUP event_id=2 name=nil list_size=10
[20:38:05.046] INTERP_SETUP event_id=14 name=nil list_size=12
[20:38:05.047] INTERP_SETUP event_id=0 name=nil list_size=5
[20:38:05.061] INTERP_SETUP event_id=2 name=nil list_size=10
[20:38:05.062] INTERP_SETUP event_id=14 name=nil list_size=12
[20:38:05.063] INTERP_SETUP event_id=0 name=nil list_size=5
[20:38:05.078] INTERP_SETUP event_id=2 name=nil list_size=10
[20:38:05.079] INTERP_SETUP event_id=14 name=nil list_size=12
[20:38:05.080] INTERP_SETUP event_id=0 name=nil list_size=5
[20:38:05.095] INTERP_SETUP event_id=2 name=nil list_size=10
[20:38:05.096] INTERP_SETUP event_id=14 name=nil list_size=12
[20:38:05.097] INTERP_SETUP event_id=0 name=nil list_size=5
[20:38:05.112] INTERP_SETUP event_id=2 name=nil list_size=10
[20:38:05.113] INTERP_SETUP event_id=14 name=nil list_size=12
[20:38:05.114] INTERP_SETUP event_id=0 name=nil list_size=5
[20:38:05.128] INTERP_SETUP event_id=2 name=nil list_size=10
[20:38:05.130] INTERP_SETUP event_id=14 name=nil list_size=12
[20:38:05.130] INTERP_SETUP event_id=0 name=nil list_size=5
[20:38:05.145] INTERP_SETUP event_id=2 name=nil list_size=10
[20:38:05.146] INTERP_SETUP event_id=14 name=nil list_size=12
[20:38:05.147] INTERP_SETUP event_id=0 name=nil list_size=5
[20:38:05.161] INTERP_SETUP event_id=2 name=nil list_size=10
[20:38:05.163] INTERP_SETUP event_id=14 name=nil list_size=12
[20:38:05.164] INTERP_SETUP event_id=0 name=nil list_size=5
[20:38:05.178] INTERP_SETUP event_id=2 name=nil list_size=10
[20:38:05.180] INTERP_SETUP event_id=14 name=nil list_size=12
[20:38:05.181] INTERP_SETUP event_id=0 name=nil list_size=5
[20:38:05.195] INTERP_SETUP event_id=2 name=nil list_size=10
[20:38:05.196] INTERP_SETUP event_id=14 name=nil list_size=12
[20:38:05.197] INTERP_SETUP event_id=0 name=nil list_size=5
[20:38:05.212] INTERP_SETUP event_id=2 name=nil list_size=10
[20:38:05.213] INTERP_SETUP event_id=14 name=nil list_size=12
[20:38:05.214] INTERP_SETUP event_id=0 name=nil list_size=5
[20:38:05.228] INTERP_SETUP event_id=2 name=nil list_size=10
[20:38:05.230] INTERP_SETUP event_id=14 name=nil list_size=12
[20:38:05.231] INTERP_SETUP event_id=0 name=nil list_size=5
[20:38:05.246] INTERP_SETUP event_id=2 name=nil list_size=10
[20:38:05.247] INTERP_SETUP event_id=14 name=nil list_size=12
[20:38:05.248] INTERP_SETUP event_id=0 name=nil list_size=5
[20:38:05.261] INTERP_SETUP event_id=2 name=nil list_size=10
[20:38:05.263] INTERP_SETUP event_id=14 name=nil list_size=12
[20:38:05.264] INTERP_SETUP event_id=0 name=nil list_size=5
[20:38:05.278] INTERP_SETUP event_id=2 name=nil list_size=10
[20:38:05.279] INTERP_SETUP event_id=14 name=nil list_size=12
[20:38:05.280] INTERP_SETUP event_id=0 name=nil list_size=5
[20:38:05.295] INTERP_SETUP event_id=2 name=nil list_size=10
[20:38:05.296] INTERP_SETUP event_id=14 name=nil list_size=12
[20:38:05.297] INTERP_SETUP event_id=0 name=nil list_size=5
[20:38:05.312] INTERP_SETUP event_id=2 name=nil list_size=10
[20:38:05.313] INTERP_SETUP event_id=14 name=nil list_size=12
[20:38:05.314] INTERP_SETUP event_id=0 name=nil list_size=5
[20:38:05.328] INTERP_SETUP event_id=2 name=nil list_size=10
[20:38:05.329] INTERP_SETUP event_id=14 name=nil list_size=12
[20:38:05.330] INTERP_SETUP event_id=0 name=nil list_size=5
[20:38:05.345] INTERP_SETUP event_id=2 name=nil list_size=10
[20:38:05.346] INTERP_SETUP event_id=14 name=nil list_size=12
[20:38:05.347] INTERP_SETUP event_id=0 name=nil list_size=5
[20:38:05.361] INTERP_SETUP event_id=2 name=nil list_size=10
[20:38:05.363] INTERP_SETUP event_id=14 name=nil list_size=12
[20:38:05.363] INTERP_SETUP event_id=0 name=nil list_size=5
[20:38:05.378] INTERP_SETUP event_id=2 name=nil list_size=10
[20:38:05.379] INTERP_SETUP event_id=14 name=nil list_size=12
[20:38:05.380] INTERP_SETUP event_id=0 name=nil list_size=5
[20:38:05.395] INTERP_SETUP event_id=2 name=nil list_size=10
[20:38:05.396] INTERP_SETUP event_id=14 name=nil list_size=12
[20:38:05.397] INTERP_SETUP event_id=0 name=nil list_size=5
[20:38:05.412] INTERP_SETUP event_id=2 name=nil list_size=10
[20:38:05.413] INTERP_SETUP event_id=14 name=nil list_size=12
[20:38:05.414] INTERP_SETUP event_id=0 name=nil list_size=5
[20:38:05.429] INTERP_SETUP event_id=2 name=nil list_size=10
[20:38:05.430] INTERP_SETUP event_id=14 name=nil list_size=12
[20:38:05.431] INTERP_SETUP event_id=0 name=nil list_size=5
[20:38:05.445] INTERP_SETUP event_id=2 name=nil list_size=10
[20:38:05.447] INTERP_SETUP event_id=14 name=nil list_size=12
[20:38:05.447] INTERP_SETUP event_id=0 name=nil list_size=5
[20:38:05.462] INTERP_SETUP event_id=2 name=nil list_size=10
[20:38:05.463] INTERP_SETUP event_id=14 name=nil list_size=12
[20:38:05.464] INTERP_SETUP event_id=0 name=nil list_size=5
[20:38:05.479] INTERP_SETUP event_id=2 name=nil list_size=10
[20:38:05.480] INTERP_SETUP event_id=14 name=nil list_size=12
[20:38:05.481] INTERP_SETUP event_id=0 name=nil list_size=5
[20:38:05.495] INTERP_SETUP event_id=2 name=nil list_size=10
[20:38:05.496] INTERP_SETUP event_id=14 name=nil list_size=12
[20:38:05.497] INTERP_SETUP event_id=0 name=nil list_size=5
[20:38:05.512] INTERP_SETUP event_id=2 name=nil list_size=10
[20:38:05.513] INTERP_SETUP event_id=14 name=nil list_size=12
[20:38:05.514] INTERP_SETUP event_id=0 name=nil list_size=5
[20:38:05.528] INTERP_SETUP event_id=2 name=nil list_size=10
[20:38:05.529] INTERP_SETUP event_id=14 name=nil list_size=12
[20:38:05.530] INTERP_SETUP event_id=0 name=nil list_size=5
[20:38:05.545] INTERP_SETUP event_id=2 name=nil list_size=10
[20:38:05.546] INTERP_SETUP event_id=14 name=nil list_size=12
[20:38:05.547] INTERP_SETUP event_id=0 name=nil list_size=5
[20:38:05.561] INTERP_SETUP event_id=2 name=nil list_size=10
[20:38:05.563] INTERP_SETUP event_id=14 name=nil list_size=12
[20:38:05.563] INTERP_SETUP event_id=0 name=nil list_size=5
